sagoNo,sido,sigungu,sagoDetail,sagoDate,no,dong,addr,sagoLat,sagoLon,sinkWidth,sinkExtend,sinkDepth,grdKind,deathCnt,injuryCnt,vehicleCnt,trStatus,trMethod,trAmt,trFnDate,daStDate,,,,,,,,,,,,,,,,,,,,,,,,,,,,,,,,,,,,,,,,,,,,,,,,,,,,,,,,,,,,,,,,,,,,,,,,,,,,,,,,,,,,,,,,,,,,,,,,,,,,,,,,,,,,,,,,,,,,,,,,,,,,,,,,,,,,,,,,,,,,,,,,,,,,,,,,,,,,,,,,,,,,,,,,,,,,,,,,,,,,,,,,,,,,,,,,,,,,,,,,,,,,,,,,,,,,,,,,,,,,,,,,,,,,,,,,,
20180019,광주광역시,광산구, 하수암거박스 파손에 의한 동공발생 및 지반침하,20180103,1,도산동,1221-20번지,35.1268484,126.7830294,0.3,0.2,1.5,,0,0,0,복구완료,보수완료,0,20180104,20191115,,,,,,,,,,,,,,,,,,,,,,,,,,,,,,,,,,,,,,,,,,,,,,,,,,,,,,,,,,,,,,,,,,,,,,,,,,,,,,,,,,,,,,,,,,,,,,,,,,,,,,,,,,,,,,,,,,,,,,,,,,,,,,,,,,,,,,,,,,,,,,,,,,,,,,,,,,,,,,,,,,,,,,,,,,,,,,,,,,,,,,,,,,,,,,,,,,,,,,,,,,,,,,,,,,,,,,,,,,,,,,,,,,,,,,,,,
20180022,광주광역시,광산구, 하수관로 파손에 의한 동공발생 및 지반침하,20180122,1,우산동,1600-1번지,35.161289,126.8061678,0.1,0.1,1,,0,0,0,복구완료,보수완료,0,20180125,20191115,,,,,,,,,,,,,,,,,,,,,,,,,,,,,,,,,,,,,,,,,,,,,,,,,,,,,,,,,,,,,,,,,,,,,,,,,,,,,,,,,,,,,,,,,,,,,,,,,,,,,,,,,,,,,,,,,,,,,,,,,,,,,,,,,,,,,,,,,,,,,,,,,,,,,,,,,,,,,,,,,,,,,,,,,,,,,,,,,,,,,,,,,,,,,,,,,,,,,,,,,,,,,,,,,,,,,,,,,,,,,,,,,,,,,,,,,
20180023,광주광역시,광산구, 하수암거박스 파손에 의한 동공발생 및 지반침하,20180122,1,소촌동,450-3번지,35.1453743,126.7928792,0.3,0.3,1.5,,0,0,0,복구완료,보수완료,0,20180125,20191115,,,,,,,,,,,,,,,,,,,,,,,,,,,,,,,,,,,,,,,,,,,,,,,,,,,,,,,,,,,,,,,,,,,,,,,,,,,,,,,,,,,,,,,,,,,,,,,,,,,,,,,,,,,,,,,,,,,,,,,,,,,,,,,,,,,,,,,,,,,,,,,,,,,,,,,,,,,,,,,,,,,,,,,,,,,,,,,,,,,,,,,,,,,,,,,,,,,,,,,,,,,,,,,,,,,,,,,,,,,,,,,,,,,,,,,,,
20180035,광주광역시,광산구, 연결관 파손에 의한 동공발생 및 지반침하,20180209,1,월곡동,515-10번지,35.1716238,126.8066466,0.3,0.3,1.5,,0,0,0,복구완료,보수완료,0,20180210,20191115,,,,,,,,,,,,,,,,,,,,,,,,,,,,,,,,,,,,,,,,,,,,,,,,,,,,,,,,,,,,,,,,,,,,,,,,,,,,,,,,,,,,,,,,,,,,,,,,,,,,,,,,,,,,,,,,,,,,,,,,,,,,,,,,,,,,,,,,,,,,,,,,,,,,,,,,,,,,,,,,,,,,,,,,,,,,,,,,,,,,,,,,,,,,,,,,,,,,,,,,,,,,,,,,,,,,,,,,,,,,,,,,,,,,,,,,,
20180064,전라남도,완도군,부동침하,20180315,1,완도읍 군내리,1433(경도빌딩),34.314544,126.7561908,14.6,6.2,0.3,,0,0,0,복구완료,건축물 철거 후 포설 다짐 실시,0,20181030,20191113,,,,,,,,,,,,,,,,,,,,,,,,,,,,,,,,,,,,,,,,,,,,,,,,,,,,,,,,,,,,,,,,,,,,,,,,,,,,,,,,,,,,,,,,,,,,,,,,,,,,,,,,,,,,,,,,,,,,,,,,,,,,,,,,,,,,,,,,,,,,,,,,,,,,,,,,,,,,,,,,,,,,,,,,,,,,,,,,,,,,,,,,,,,,,,,,,,,,,,,,,,,,,,,,,,,,,,,,,,,,,,,,,,,,,,,,,
20180072,전라남도,목포시,백련지구 택지개발 시 별도의 배수처리시설 미설치로 인한 지하수 유입,20180325,1,연산동,"1922 늘품어린이공원 
(백련초등학교 옆)",34.8188933,126.3899634,1.2,1.2,1.5,,0,0,0,복구완료,재포장 실시,0,20180407,20191113,,,,,,,,,,,,,,,,,,,,,,,,,,,,,,,,,,,,,,,,,,,,,,,,,,,,,,,,,,,,,,,,,,,,,,,,,,,,,,,,,,,,,,,,,,,,,,,,,,,,,,,,,,,,,,,,,,,,,,,,,,,,,,,,,,,,,,,,,,,,,,,,,,,,,,,,,,,,,,,,,,,,,,,,,,,,,,,,,,,,,,,,,,,,,,,,,,,,,,,,,,,,,,,,,,,,,,,,,,,,,,,,,,,,,,,,,
20180074,전라남도,해남군,원인 불명,20180326,1,황산면,청룡마을회관 - 산이면 대명리 마을회관,0.00E+00,0.00E+00,1.1,1.1,0.7,,0,0,0,복구완료,재다짐 후 재포장 실시,0,20180326,20191113,,,,,,,,,,,,,,,,,,,,,,,,,,,,,,,,,,,,,,,,,,,,,,,,,,,,,,,,,,,,,,,,,,,,,,,,,,,,,,,,,,,,,,,,,,,,,,,,,,,,,,,,,,,,,,,,,,,,,,,,,,,,,,,,,,,,,,,,,,,,,,,,,,,,,,,,,,,,,,,,,,,,,,,,,,,,,,,,,,,,,,,,,,,,,,,,,,,,,,,,,,,,,,,,,,,,,,,,,,,,,,,,,,,,,,,,,
20180086,광주광역시,광산구, 연결관 파손에 의한 동공발생 및 지반침하,20180405,1,송정동,576-18번지,35.1393958,126.7976217,1,1,0.7,,0,0,0,복구완료,보수완료,0,20180406,20191118,,,,,,,,,,,,,,,,,,,,,,,,,,,,,,,,,,,,,,,,,,,,,,,,,,,,,,,,,,,,,,,,,,,,,,,,,,,,,,,,,,,,,,,,,,,,,,,,,,,,,,,,,,,,,,,,,,,,,,,,,,,,,,,,,,,,,,,,,,,,,,,,,,,,,,,,,,,,,,,,,,,,,,,,,,,,,,,,,,,,,,,,,,,,,,,,,,,,,,,,,,,,,,,,,,,,,,,,,,,,,,,,,,,,,,,,,
20180091,광주광역시,광산구, 하수관로 파손에 의한 동공발생 및 지반침하,20180411,1,월곡동,497-4번지,35.1746384,126.8072486,0.1,0.1,1,,0,0,0,복구완료,보수완료,0,20180413,20191115,,,,,,,,,,,,,,,,,,,,,,,,,,,,,,,,,,,,,,,,,,,,,,,,,,,,,,,,,,,,,,,,,,,,,,,,,,,,,,,,,,,,,,,,,,,,,,,,,,,,,,,,,,,,,,,,,,,,,,,,,,,,,,,,,,,,,,,,,,,,,,,,,,,,,,,,,,,,,,,,,,,,,,,,,,,,,,,,,,,,,,,,,,,,,,,,,,,,,,,,,,,,,,,,,,,,,,,,,,,,,,,,,,,,,,,,,
20180109,광주광역시,광산구, 연결관 파손에 의한 동공발생 및 지반침하,20180427,1,비아동,675-2번지,35.2230636,126.8193749,0.4,0.4,1,,0,0,0,복구완료,보수완료,0,20180428,20191118,,,,,,,,,,,,,,,,,,,,,,,,,,,,,,,,,,,,,,,,,,,,,,,,,,,,,,,,,,,,,,,,,,,,,,,,,,,,,,,,,,,,,,,,,,,,,,,,,,,,,,,,,,,,,,,,,,,,,,,,,,,,,,,,,,,,,,,,,,,,,,,,,,,,,,,,,,,,,,,,,,,,,,,,,,,,,,,,,,,,,,,,,,,,,,,,,,,,,,,,,,,,,,,,,,,,,,,,,,,,,,,,,,,,,,,,,
20180114,전라남도,신안군,보수공사불량,20180501,1,임자면 광산리,407-20,35.1018527,126.0650297,3,0.8,0.1,,0,0,0,복구완료,재다짐 후 재포장 실시,0,20180501,20191113,,,,,,,,,,,,,,,,,,,,,,,,,,,,,,,,,,,,,,,,,,,,,,,,,,,,,,,,,,,,,,,,,,,,,,,,,,,,,,,,,,,,,,,,,,,,,,,,,,,,,,,,,,,,,,,,,,,,,,,,,,,,,,,,,,,,,,,,,,,,,,,,,,,,,,,,,,,,,,,,,,,,,,,,,,,,,,,,,,,,,,,,,,,,,,,,,,,,,,,,,,,,,,,,,,,,,,,,,,,,,,,,,,,,,,,,,
20180117,광주광역시,광산구, 하수관로 파손에 의한 동공발생 및 지반침하,20180509,1,소촌동,631-6번지,35.1462441,126.78929,0.1,0.1,1,,0,0,0,복구완료,보수완료,0,20180510,20191115,,,,,,,,,,,,,,,,,,,,,,,,,,,,,,,,,,,,,,,,,,,,,,,,,,,,,,,,,,,,,,,,,,,,,,,,,,,,,,,,,,,,,,,,,,,,,,,,,,,,,,,,,,,,,,,,,,,,,,,,,,,,,,,,,,,,,,,,,,,,,,,,,,,,,,,,,,,,,,,,,,,,,,,,,,,,,,,,,,,,,,,,,,,,,,,,,,,,,,,,,,,,,,,,,,,,,,,,,,,,,,,,,,,,,,,,,
20180118,광주광역시,광산구, 하수관로 파손에 의한 동공발생 및 지반침하,20180509,1,송정동,1001-9번지,35.137498,126.7920619,0.5,0.4,1.5,,0,0,0,복구완료,보수완료,0,20180510,20191115,,,,,,,,,,,,,,,,,,,,,,,,,,,,,,,,,,,,,,,,,,,,,,,,,,,,,,,,,,,,,,,,,,,,,,,,,,,,,,,,,,,,,,,,,,,,,,,,,,,,,,,,,,,,,,,,,,,,,,,,,,,,,,,,,,,,,,,,,,,,,,,,,,,,,,,,,,,,,,,,,,,,,,,,,,,,,,,,,,,,,,,,,,,,,,,,,,,,,,,,,,,,,,,,,,,,,,,,,,,,,,,,,,,,,,,,,
20180122,광주광역시,북구, 맨홀 이음부내 마감부 미흡으로 발생한 것으로 의심,20180512,1,용봉동,1248-10번지 주변,35.1777781,126.8976964,0.5,0.5,2,기타,0,0,0,복구완료, 골재 및 모래 다짐 실시 및 아스콘포장 복구 완료,2000000,20180517,20190614,,,,,,,,,,,,,,,,,,,,,,,,,,,,,,,,,,,,,,,,,,,,,,,,,,,,,,,,,,,,,,,,,,,,,,,,,,,,,,,,,,,,,,,,,,,,,,,,,,,,,,,,,,,,,,,,,,,,,,,,,,,,,,,,,,,,,,,,,,,,,,,,,,,,,,,,,,,,,,,,,,,,,,,,,,,,,,,,,,,,,,,,,,,,,,,,,,,,,,,,,,,,,,,,,,,,,,,,,,,,,,,,,,,,,,,,,
20180123,광주광역시,광산구, 하수암거박스 파손에 의한 동공발생 및 지반침하,20180514,1,송촌동,1-146번지,35.1380019,126.7815846,0.5,1,1.5,,0,0,0,복구완료,보수완료,0,20180516,20191115,,,,,,,,,,,,,,,,,,,,,,,,,,,,,,,,,,,,,,,,,,,,,,,,,,,,,,,,,,,,,,,,,,,,,,,,,,,,,,,,,,,,,,,,,,,,,,,,,,,,,,,,,,,,,,,,,,,,,,,,,,,,,,,,,,,,,,,,,,,,,,,,,,,,,,,,,,,,,,,,,,,,,,,,,,,,,,,,,,,,,,,,,,,,,,,,,,,,,,,,,,,,,,,,,,,,,,,,,,,,,,,,,,,,,,,,,
20180129,광주광역시,광산구, 연결관 파손에 의한 동공발생 및 지반침하,20180517,1,소촌동,603-4번지,35.1459885,126.7915347,1,1.2,0.1,,0,0,0,복구완료,보수완료,0,20180519,20191115,,,,,,,,,,,,,,,,,,,,,,,,,,,,,,,,,,,,,,,,,,,,,,,,,,,,,,,,,,,,,,,,,,,,,,,,,,,,,,,,,,,,,,,,,,,,,,,,,,,,,,,,,,,,,,,,,,,,,,,,,,,,,,,,,,,,,,,,,,,,,,,,,,,,,,,,,,,,,,,,,,,,,,,,,,,,,,,,,,,,,,,,,,,,,,,,,,,,,,,,,,,,,,,,,,,,,,,,,,,,,,,,,,,,,,,,,
20180130,광주광역시,광산구, 연결관 파손에 의한 동공발생 및 지반침하,20180517,1,월곡동,526-4번지,35.1701224,126.807623,0.5,0.5,1,,0,0,0,복구완료,보수완료,0,20180519,20191118,,,,,,,,,,,,,,,,,,,,,,,,,,,,,,,,,,,,,,,,,,,,,,,,,,,,,,,,,,,,,,,,,,,,,,,,,,,,,,,,,,,,,,,,,,,,,,,,,,,,,,,,,,,,,,,,,,,,,,,,,,,,,,,,,,,,,,,,,,,,,,,,,,,,,,,,,,,,,,,,,,,,,,,,,,,,,,,,,,,,,,,,,,,,,,,,,,,,,,,,,,,,,,,,,,,,,,,,,,,,,,,,,,,,,,,,,
20180133,광주광역시,광산구, 하수암거박스 파손에 의한 동공발생 및 지반침하,20180525,1,월곡동,545-9번지,35.1694572,126.8101517,1,1,1.5,,0,0,0,복구완료,보수완료,0,20180527,10101,,,,,,,,,,,,,,,,,,,,,,,,,,,,,,,,,,,,,,,,,,,,,,,,,,,,,,,,,,,,,,,,,,,,,,,,,,,,,,,,,,,,,,,,,,,,,,,,,,,,,,,,,,,,,,,,,,,,,,,,,,,,,,,,,,,,,,,,,,,,,,,,,,,,,,,,,,,,,,,,,,,,,,,,,,,,,,,,,,,,,,,,,,,,,,,,,,,,,,,,,,,,,,,,,,,,,,,,,,,,,,,,,,,,,,,,,
20180148,광주광역시,광산구, 연결관 파손에 의한 동공발생 및 지반침하 ,20180605,1,흑석동,506번지,37.138765,128.240189,1.8,1.8,1.2,,0,0,0,복구완료,보수완료,0,20180607,20191115,,,,,,,,,,,,,,,,,,,,,,,,,,,,,,,,,,,,,,,,,,,,,,,,,,,,,,,,,,,,,,,,,,,,,,,,,,,,,,,,,,,,,,,,,,,,,,,,,,,,,,,,,,,,,,,,,,,,,,,,,,,,,,,,,,,,,,,,,,,,,,,,,,,,,,,,,,,,,,,,,,,,,,,,,,,,,,,,,,,,,,,,,,,,,,,,,,,,,,,,,,,,,,,,,,,,,,,,,,,,,,,,,,,,,,,,,
20180149,전라남도,여수시,도시가스관로 매설구간 침하,20180605,1,공화동,1184-22 도,34.747398,127.7415701,1,1,0.1,,0,0,0,복구완료,재다짐 후 재포장 실시,0,20180605,20191113,,,,,,,,,,,,,,,,,,,,,,,,,,,,,,,,,,,,,,,,,,,,,,,,,,,,,,,,,,,,,,,,,,,,,,,,,,,,,,,,,,,,,,,,,,,,,,,,,,,,,,,,,,,,,,,,,,,,,,,,,,,,,,,,,,,,,,,,,,,,,,,,,,,,,,,,,,,,,,,,,,,,,,,,,,,,,,,,,,,,,,,,,,,,,,,,,,,,,,,,,,,,,,,,,,,,,,,,,,,,,,,,,,,,,,,,,
20180155,전라남도,장성군,원인미상,20180607,1,황룡면 와룡리,36-18,35.2709786,126.766062,2,2,0.4,,0,0,0,복구완료,"안전사고 방지를 위한 위험표시 설치
원인분석을 위한 지질조사 용역실시",0,20180607,20191113,,,,,,,,,,,,,,,,,,,,,,,,,,,,,,,,,,,,,,,,,,,,,,,,,,,,,,,,,,,,,,,,,,,,,,,,,,,,,,,,,,,,,,,,,,,,,,,,,,,,,,,,,,,,,,,,,,,,,,,,,,,,,,,,,,,,,,,,,,,,,,,,,,,,,,,,,,,,,,,,,,,,,,,,,,,,,,,,,,,,,,,,,,,,,,,,,,,,,,,,,,,,,,,,,,,,,,,,,,,,,,,,,,,,,,,,,
20180163,광주광역시,광산구, 연결관 파손에 의한 동공발생 및 지반침하,20180612,1,비아동,66-62번지,35.2204669,126.8255149,1.2,0.8,1,,0,0,0,복구완료,보수완료,0,20180613,20191115,,,,,,,,,,,,,,,,,,,,,,,,,,,,,,,,,,,,,,,,,,,,,,,,,,,,,,,,,,,,,,,,,,,,,,,,,,,,,,,,,,,,,,,,,,,,,,,,,,,,,,,,,,,,,,,,,,,,,,,,,,,,,,,,,,,,,,,,,,,,,,,,,,,,,,,,,,,,,,,,,,,,,,,,,,,,,,,,,,,,,,,,,,,,,,,,,,,,,,,,,,,,,,,,,,,,,,,,,,,,,,,,,,,,,,,,,
20180175,광주광역시,광산구, 하수관로 파손에 의한 동공발생 및 지반침하,20180619,1,운남동,769-4번지,37.4896337,126.5296483,0.7,0.6,1,,0,0,0,복구완료,보수완료,0,20180620,20191115,,,,,,,,,,,,,,,,,,,,,,,,,,,,,,,,,,,,,,,,,,,,,,,,,,,,,,,,,,,,,,,,,,,,,,,,,,,,,,,,,,,,,,,,,,,,,,,,,,,,,,,,,,,,,,,,,,,,,,,,,,,,,,,,,,,,,,,,,,,,,,,,,,,,,,,,,,,,,,,,,,,,,,,,,,,,,,,,,,,,,,,,,,,,,,,,,,,,,,,,,,,,,,,,,,,,,,,,,,,,,,,,,,,,,,,,,
20180177,광주광역시,광산구, 연결관 파손에 의한 동공발생 및 지반침하,20180620,1,도산동,662-6번지,35.1265235,126.7929267,0.5,0.7,1.1,,0,0,0,복구완료,보수완료,0,20180622,20191115,,,,,,,,,,,,,,,,,,,,,,,,,,,,,,,,,,,,,,,,,,,,,,,,,,,,,,,,,,,,,,,,,,,,,,,,,,,,,,,,,,,,,,,,,,,,,,,,,,,,,,,,,,,,,,,,,,,,,,,,,,,,,,,,,,,,,,,,,,,,,,,,,,,,,,,,,,,,,,,,,,,,,,,,,,,,,,,,,,,,,,,,,,,,,,,,,,,,,,,,,,,,,,,,,,,,,,,,,,,,,,,,,,,,,,,,,
20180178,전라남도,완도군,연약지반 구간으로서 도로시설공사 당시 연약지반 드레인공법으로 시공된 파이프의 내측이 침하되는 현상 발생,20180620,1,약산면,지방도 830호선 보건지소 뒤 ,0.00E+00,0.00E+00,1.3,1.3,1,,0,0,0,복구완료,침하구간 골재채움 및 재 포장 실시,0,20180620,20191113,,,,,,,,,,,,,,,,,,,,,,,,,,,,,,,,,,,,,,,,,,,,,,,,,,,,,,,,,,,,,,,,,,,,,,,,,,,,,,,,,,,,,,,,,,,,,,,,,,,,,,,,,,,,,,,,,,,,,,,,,,,,,,,,,,,,,,,,,,,,,,,,,,,,,,,,,,,,,,,,,,,,,,,,,,,,,,,,,,,,,,,,,,,,,,,,,,,,,,,,,,,,,,,,,,,,,,,,,,,,,,,,,,,,,,,,,
20180185,광주광역시,광산구, 하수관로 파손에 의한 동공발생 및 지반침하,20180625,1,월곡동,620번지,35.1733306,126.8082152,0.8,0.6,1.2,,0,0,0,복구완료,보수완료,0,20180628,20191115,,,,,,,,,,,,,,,,,,,,,,,,,,,,,,,,,,,,,,,,,,,,,,,,,,,,,,,,,,,,,,,,,,,,,,,,,,,,,,,,,,,,,,,,,,,,,,,,,,,,,,,,,,,,,,,,,,,,,,,,,,,,,,,,,,,,,,,,,,,,,,,,,,,,,,,,,,,,,,,,,,,,,,,,,,,,,,,,,,,,,,,,,,,,,,,,,,,,,,,,,,,,,,,,,,,,,,,,,,,,,,,,,,,,,,,,,
20180209,광주광역시,북구, 맨홀 슬래브 노후화로 인한 파손,20180715,1,양산동,283-20번지 주변,35.2056772,126.8724438,0,0,1,,0,0,0,복구완료,맨홀 슬래브 교체 보수완료,0,20180716,20191115,,,,,,,,,,,,,,,,,,,,,,,,,,,,,,,,,,,,,,,,,,,,,,,,,,,,,,,,,,,,,,,,,,,,,,,,,,,,,,,,,,,,,,,,,,,,,,,,,,,,,,,,,,,,,,,,,,,,,,,,,,,,,,,,,,,,,,,,,,,,,,,,,,,,,,,,,,,,,,,,,,,,,,,,,,,,,,,,,,,,,,,,,,,,,,,,,,,,,,,,,,,,,,,,,,,,,,,,,,,,,,,,,,,,,,,,,
20180219,전라남도,영광군,상수도 개량공사 구간 굴착부분 아스콘 다짐 불량,20180720,1,대마면 원흥리,17-7 버스승강장 옆 마을 진입로,35.3024722,126.5671466,2,1,0.1,,0,0,0,복구완료,재다짐 후 재포장 실시,0,20180727,20191113,,,,,,,,,,,,,,,,,,,,,,,,,,,,,,,,,,,,,,,,,,,,,,,,,,,,,,,,,,,,,,,,,,,,,,,,,,,,,,,,,,,,,,,,,,,,,,,,,,,,,,,,,,,,,,,,,,,,,,,,,,,,,,,,,,,,,,,,,,,,,,,,,,,,,,,,,,,,,,,,,,,,,,,,,,,,,,,,,,,,,,,,,,,,,,,,,,,,,,,,,,,,,,,,,,,,,,,,,,,,,,,,,,,,,,,,,
20180233,광주광역시,광산구,연결관 파손에 의한 동공발생 및 지반침하,20180809,1,안청동,740-1,35.2132027,126.804473,1.8,0.5,1,,0,0,0,복구완료,보수완료,0,20180810,20191115,,,,,,,,,,,,,,,,,,,,,,,,,,,,,,,,,,,,,,,,,,,,,,,,,,,,,,,,,,,,,,,,,,,,,,,,,,,,,,,,,,,,,,,,,,,,,,,,,,,,,,,,,,,,,,,,,,,,,,,,,,,,,,,,,,,,,,,,,,,,,,,,,,,,,,,,,,,,,,,,,,,,,,,,,,,,,,,,,,,,,,,,,,,,,,,,,,,,,,,,,,,,,,,,,,,,,,,,,,,,,,,,,,,,,,,,,
20180237,광주광역시,북구, 하수암거박스 파손에 의한 동공발생 및 지반침하,20180812,1,우산동,232-1(구두수선소 앞),37.3673909,127.9377935,0.5,0.5,1,기타,0,0,0,복구완료,하수관 이음부 보강 및 포장 복구 완료,2000000,20180812,20191118,,,,,,,,,,,,,,,,,,,,,,,,,,,,,,,,,,,,,,,,,,,,,,,,,,,,,,,,,,,,,,,,,,,,,,,,,,,,,,,,,,,,,,,,,,,,,,,,,,,,,,,,,,,,,,,,,,,,,,,,,,,,,,,,,,,,,,,,,,,,,,,,,,,,,,,,,,,,,,,,,,,,,,,,,,,,,,,,,,,,,,,,,,,,,,,,,,,,,,,,,,,,,,,,,,,,,,,,,,,,,,,,,,,,,,,,,
20180245,전라남도,순천시,다짐 불량에 따른 도로 침하,20180821,1,풍덕동,867-1번지,34.9429663,127.5039684,65,1,0.5,,0,0,0,복구완료,굴착부분 되메우기 재시공 및 포장 복구 완료,0,20180918,20191113,,,,,,,,,,,,,,,,,,,,,,,,,,,,,,,,,,,,,,,,,,,,,,,,,,,,,,,,,,,,,,,,,,,,,,,,,,,,,,,,,,,,,,,,,,,,,,,,,,,,,,,,,,,,,,,,,,,,,,,,,,,,,,,,,,,,,,,,,,,,,,,,,,,,,,,,,,,,,,,,,,,,,,,,,,,,,,,,,,,,,,,,,,,,,,,,,,,,,,,,,,,,,,,,,,,,,,,,,,,,,,,,,,,,,,,,,
20180247,전라남도,순천시,"되메우기 시 충분한 다짐이 되지 않은 상태로 아스콘 포장을 진행하여, 우기 및 장마철로 인한 지하수 유입이 많아짐에 따라 토사가 유실된 것으로 판단",20180824,1,석현동,34-1번지 내 교차로,34.9657686,127.4876822,3,3,0.3,,0,0,0,복구완료,재다짐 후 재포장 실시,0,20180830,20191113,,,,,,,,,,,,,,,,,,,,,,,,,,,,,,,,,,,,,,,,,,,,,,,,,,,,,,,,,,,,,,,,,,,,,,,,,,,,,,,,,,,,,,,,,,,,,,,,,,,,,,,,,,,,,,,,,,,,,,,,,,,,,,,,,,,,,,,,,,,,,,,,,,,,,,,,,,,,,,,,,,,,,,,,,,,,,,,,,,,,,,,,,,,,,,,,,,,,,,,,,,,,,,,,,,,,,,,,,,,,,,,,,,,,,,,,,
20180249,광주광역시,남구,맨홀접합부 관로파손으로 토사가 세굴되어 도로침하 발생,20180829,1,봉선동,봉선중길 26-1,0.00E+00,0.00E+00,1.5,1.5,2.5,,0,0,0,복구완료,긴급보수공사로 하수관로 및 접합부 보수 후 포장 복구 완료,0,20180829,20191115,,,,,,,,,,,,,,,,,,,,,,,,,,,,,,,,,,,,,,,,,,,,,,,,,,,,,,,,,,,,,,,,,,,,,,,,,,,,,,,,,,,,,,,,,,,,,,,,,,,,,,,,,,,,,,,,,,,,,,,,,,,,,,,,,,,,,,,,,,,,,,,,,,,,,,,,,,,,,,,,,,,,,,,,,,,,,,,,,,,,,,,,,,,,,,,,,,,,,,,,,,,,,,,,,,,,,,,,,,,,,,,,,,,,,,,,,
20180250,광주광역시,동구,하수도 연결관 접합부 파손으로 인한 토사 세굴,20180829,1,수기동,81번지 주변,35.1496807,126.9103613,0,0,1.5,,0,0,0,복구완료,하수도 재설치 및 도로복구 완료,0,20180830,20191115,,,,,,,,,,,,,,,,,,,,,,,,,,,,,,,,,,,,,,,,,,,,,,,,,,,,,,,,,,,,,,,,,,,,,,,,,,,,,,,,,,,,,,,,,,,,,,,,,,,,,,,,,,,,,,,,,,,,,,,,,,,,,,,,,,,,,,,,,,,,,,,,,,,,,,,,,,,,,,,,,,,,,,,,,,,,,,,,,,,,,,,,,,,,,,,,,,,,,,,,,,,,,,,,,,,,,,,,,,,,,,,,,,,,,,,,,
20180271,광주광역시,광산구,하수관로 파손에 의한 동공발생 및 지반침하,20180914,1,우산동,1582-4,35.1622724,126.8078377,0.3,0.7,1,,0,0,0,복구완료,보수완료,0,20180918,20191115,,,,,,,,,,,,,,,,,,,,,,,,,,,,,,,,,,,,,,,,,,,,,,,,,,,,,,,,,,,,,,,,,,,,,,,,,,,,,,,,,,,,,,,,,,,,,,,,,,,,,,,,,,,,,,,,,,,,,,,,,,,,,,,,,,,,,,,,,,,,,,,,,,,,,,,,,,,,,,,,,,,,,,,,,,,,,,,,,,,,,,,,,,,,,,,,,,,,,,,,,,,,,,,,,,,,,,,,,,,,,,,,,,,,,,,,,
20180280,전라남도,장성군,원인미상,20181001,1,황룡면 와룡리,35-21,35.2715974,126.7668831,2,2,2,,0,0,0,복구완료,"안전사고 방지를 위한 위험표시 설치
원인분석을 위한 지질조사 용역실시",0,20181001,20191113,,,,,,,,,,,,,,,,,,,,,,,,,,,,,,,,,,,,,,,,,,,,,,,,,,,,,,,,,,,,,,,,,,,,,,,,,,,,,,,,,,,,,,,,,,,,,,,,,,,,,,,,,,,,,,,,,,,,,,,,,,,,,,,,,,,,,,,,,,,,,,,,,,,,,,,,,,,,,,,,,,,,,,,,,,,,,,,,,,,,,,,,,,,,,,,,,,,,,,,,,,,,,,,,,,,,,,,,,,,,,,,,,,,,,,,,,
20180323,광주광역시,동구,다짐불량으로 인한 토사세굴 추정,20180303,1,,금남로4가역 1번출구 앞,0.00E+00,0.00E+00,2,2,0.5,,0,0,0,복구완료,자체 보도 정비,0,20180304,10101,,,,,,,,,,,,,,,,,,,,,,,,,,,,,,,,,,,,,,,,,,,,,,,,,,,,,,,,,,,,,,,,,,,,,,,,,,,,,,,,,,,,,,,,,,,,,,,,,,,,,,,,,,,,,,,,,,,,,,,,,,,,,,,,,,,,,,,,,,,,,,,,,,,,,,,,,,,,,,,,,,,,,,,,,,,,,,,,,,,,,,,,,,,,,,,,,,,,,,,,,,,,,,,,,,,,,,,,,,,,,,,,,,,,,,,,,
20180324,광주광역시,동구,다짐불량으로 인한 토사세굴 추정,20180409,1,학동,제봉로 10(이상명 내과),0.00E+00,0.00E+00,1,1.5,1.5,,0,0,0,복구완료,모래 채움 및 보도 긴급 복구 완료,0,20180410,10101,,,,,,,,,,,,,,,,,,,,,,,,,,,,,,,,,,,,,,,,,,,,,,,,,,,,,,,,,,,,,,,,,,,,,,,,,,,,,,,,,,,,,,,,,,,,,,,,,,,,,,,,,,,,,,,,,,,,,,,,,,,,,,,,,,,,,,,,,,,,,,,,,,,,,,,,,,,,,,,,,,,,,,,,,,,,,,,,,,,,,,,,,,,,,,,,,,,,,,,,,,,,,,,,,,,,,,,,,,,,,,,,,,,,,,,,,
20180325,광주광역시,동구,다짐불량으로 인한 토사세굴 추정,20180511,1,,금남로4가역 1번출구 앞(국민은행),0.00E+00,0.00E+00,2,2,1.5,,0,0,0,복구완료,모래 채움 및 보도 긴급 복구 완료,0,20180514,10101,,,,,,,,,,,,,,,,,,,,,,,,,,,,,,,,,,,,,,,,,,,,,,,,,,,,,,,,,,,,,,,,,,,,,,,,,,,,,,,,,,,,,,,,,,,,,,,,,,,,,,,,,,,,,,,,,,,,,,,,,,,,,,,,,,,,,,,,,,,,,,,,,,,,,,,,,,,,,,,,,,,,,,,,,,,,,,,,,,,,,,,,,,,,,,,,,,,,,,,,,,,,,,,,,,,,,,,,,,,,,,,,,,,,,,,,,
20190006,광주광역시,광산구,하수관 손상,20190124,1,비아동,86-3번지,35.2218956,126.8250008,2,2,1,,0,0,0,복구완료,하수관 보수 및 포장복구 완료,0,20190125,20191115,,,,,,,,,,,,,,,,,,,,,,,,,,,,,,,,,,,,,,,,,,,,,,,,,,,,,,,,,,,,,,,,,,,,,,,,,,,,,,,,,,,,,,,,,,,,,,,,,,,,,,,,,,,,,,,,,,,,,,,,,,,,,,,,,,,,,,,,,,,,,,,,,,,,,,,,,,,,,,,,,,,,,,,,,,,,,,,,,,,,,,,,,,,,,,,,,,,,,,,,,,,,,,,,,,,,,,,,,,,,,,,,,,,,,,,,,
20190009,전라남도,해남군,원인 불명,20190201,1,황산면 송호리,167-6 일원,34.5757938,126.4697378,2,4,0.5,,0,0,0,복구완료,재포장 실시,0,20190202,20191113,,,,,,,,,,,,,,,,,,,,,,,,,,,,,,,,,,,,,,,,,,,,,,,,,,,,,,,,,,,,,,,,,,,,,,,,,,,,,,,,,,,,,,,,,,,,,,,,,,,,,,,,,,,,,,,,,,,,,,,,,,,,,,,,,,,,,,,,,,,,,,,,,,,,,,,,,,,,,,,,,,,,,,,,,,,,,,,,,,,,,,,,,,,,,,,,,,,,,,,,,,,,,,,,,,,,,,,,,,,,,,,,,,,,,,,,,
20190010,전라남도,해남군,원인 불명,20190201,1,황산면 연당리,359-5 일원,34.5738055,126.4032755,2,5,0.5,,0,0,0,복구완료,재포장 실시,0,20190202,20191113,,,,,,,,,,,,,,,,,,,,,,,,,,,,,,,,,,,,,,,,,,,,,,,,,,,,,,,,,,,,,,,,,,,,,,,,,,,,,,,,,,,,,,,,,,,,,,,,,,,,,,,,,,,,,,,,,,,,,,,,,,,,,,,,,,,,,,,,,,,,,,,,,,,,,,,,,,,,,,,,,,,,,,,,,,,,,,,,,,,,,,,,,,,,,,,,,,,,,,,,,,,,,,,,,,,,,,,,,,,,,,,,,,,,,,,,,
20190023,광주광역시,남구,원인불명,20190315,1,진월동,한신아파트 일원,0.00E+00,0.00E+00,1,1,1,,0,0,0,복구완료,굴착 후 되메우기 및 포장 복구 완료,0,20190330,20191115,,,,,,,,,,,,,,,,,,,,,,,,,,,,,,,,,,,,,,,,,,,,,,,,,,,,,,,,,,,,,,,,,,,,,,,,,,,,,,,,,,,,,,,,,,,,,,,,,,,,,,,,,,,,,,,,,,,,,,,,,,,,,,,,,,,,,,,,,,,,,,,,,,,,,,,,,,,,,,,,,,,,,,,,,,,,,,,,,,,,,,,,,,,,,,,,,,,,,,,,,,,,,,,,,,,,,,,,,,,,,,,,,,,,,,,,,
20190027,광주광역시,광산구,맨홀 접합부 손상,20190320,1,도천동,622-3번지,35.208616,126.8138249,3,2,1,,0,0,0,복구완료,하수관 보수 및 포장복구 완료,0,20190321,20191115,,,,,,,,,,,,,,,,,,,,,,,,,,,,,,,,,,,,,,,,,,,,,,,,,,,,,,,,,,,,,,,,,,,,,,,,,,,,,,,,,,,,,,,,,,,,,,,,,,,,,,,,,,,,,,,,,,,,,,,,,,,,,,,,,,,,,,,,,,,,,,,,,,,,,,,,,,,,,,,,,,,,,,,,,,,,,,,,,,,,,,,,,,,,,,,,,,,,,,,,,,,,,,,,,,,,,,,,,,,,,,,,,,,,,,,,,
20190038,광주광역시,광산구,맨홀 접합부 손상,20190405,1,월계동,896-4번지,35.2101665,126.8421524,0.7,0.8,1,,0,0,0,복구완료,하수관 보수 및 포장복구 완료,0,20190405,10101,,,,,,,,,,,,,,,,,,,,,,,,,,,,,,,,,,,,,,,,,,,,,,,,,,,,,,,,,,,,,,,,,,,,,,,,,,,,,,,,,,,,,,,,,,,,,,,,,,,,,,,,,,,,,,,,,,,,,,,,,,,,,,,,,,,,,,,,,,,,,,,,,,,,,,,,,,,,,,,,,,,,,,,,,,,,,,,,,,,,,,,,,,,,,,,,,,,,,,,,,,,,,,,,,,,,,,,,,,,,,,,,,,,,,,,,,
20190051,광주광역시,광산구,하수관 손상,20190418,1,하남동,505-1번지,35.1865635,126.7960034,1,1.2,1,,0,0,0,복구완료,하수관 보수 및 포장복구 완료,0,20190420,20191115,,,,,,,,,,,,,,,,,,,,,,,,,,,,,,,,,,,,,,,,,,,,,,,,,,,,,,,,,,,,,,,,,,,,,,,,,,,,,,,,,,,,,,,,,,,,,,,,,,,,,,,,,,,,,,,,,,,,,,,,,,,,,,,,,,,,,,,,,,,,,,,,,,,,,,,,,,,,,,,,,,,,,,,,,,,,,,,,,,,,,,,,,,,,,,,,,,,,,,,,,,,,,,,,,,,,,,,,,,,,,,,,,,,,,,,,,
20190082,광주광역시,동구, 다짐불량으로 인한 토사세굴 추정,20190530,1,학동,12-1번지,35.1401503,126.9225697,0.6,2,1.2,기타,0,0,0,복구완료,침하 부분 다짐 후 레미콘 포장 복구완료,4500000,20190714,20191115,,,,,,,,,,,,,,,,,,,,,,,,,,,,,,,,,,,,,,,,,,,,,,,,,,,,,,,,,,,,,,,,,,,,,,,,,,,,,,,,,,,,,,,,,,,,,,,,,,,,,,,,,,,,,,,,,,,,,,,,,,,,,,,,,,,,,,,,,,,,,,,,,,,,,,,,,,,,,,,,,,,,,,,,,,,,,,,,,,,,,,,,,,,,,,,,,,,,,,,,,,,,,,,,,,,,,,,,,,,,,,,,,,,,,,,,,
20190086,광주광역시,광산구,하수관 손상,20190604,1,오선동,270-49번지,35.2027183,126.7973022,0.5,0.5,1,,0,0,0,복구완료,하수관 보수 및 포장복구 완료,0,20190605,10101,,,,,,,,,,,,,,,,,,,,,,,,,,,,,,,,,,,,,,,,,,,,,,,,,,,,,,,,,,,,,,,,,,,,,,,,,,,,,,,,,,,,,,,,,,,,,,,,,,,,,,,,,,,,,,,,,,,,,,,,,,,,,,,,,,,,,,,,,,,,,,,,,,,,,,,,,,,,,,,,,,,,,,,,,,,,,,,,,,,,,,,,,,,,,,,,,,,,,,,,,,,,,,,,,,,,,,,,,,,,,,,,,,,,,,,,,
20190099,광주광역시,광산구,하수관 손상,20190612,1,신촌동,1090-33번지,35.1439458,126.8019813,0.5,0.5,1,,0,0,0,복구완료,하수관 보수 및 포장복구 완료,0,20190613,10101,,,,,,,,,,,,,,,,,,,,,,,,,,,,,,,,,,,,,,,,,,,,,,,,,,,,,,,,,,,,,,,,,,,,,,,,,,,,,,,,,,,,,,,,,,,,,,,,,,,,,,,,,,,,,,,,,,,,,,,,,,,,,,,,,,,,,,,,,,,,,,,,,,,,,,,,,,,,,,,,,,,,,,,,,,,,,,,,,,,,,,,,,,,,,,,,,,,,,,,,,,,,,,,,,,,,,,,,,,,,,,,,,,,,,,,,,
20190102,광주광역시,광산구,빗물받이 연결관 손상,20190614,1,신가동,872-7번지,35.1820597,126.8274892,0.5,0.5,1,,0,0,0,복구완료,하수관 보수 및 포장복구 완료,0,20190616,20191115,,,,,,,,,,,,,,,,,,,,,,,,,,,,,,,,,,,,,,,,,,,,,,,,,,,,,,,,,,,,,,,,,,,,,,,,,,,,,,,,,,,,,,,,,,,,,,,,,,,,,,,,,,,,,,,,,,,,,,,,,,,,,,,,,,,,,,,,,,,,,,,,,,,,,,,,,,,,,,,,,,,,,,,,,,,,,,,,,,,,,,,,,,,,,,,,,,,,,,,,,,,,,,,,,,,,,,,,,,,,,,,,,,,,,,,,,
20190103,광주광역시,서구,우수관 연결부 파손,20190614,1,화정동,857-2,35.1413649,126.875121,1,1,2,,0,0,0,복구완료,우수관 교체 공사 완료,0,20190614,20191118,,,,,,,,,,,,,,,,,,,,,,,,,,,,,,,,,,,,,,,,,,,,,,,,,,,,,,,,,,,,,,,,,,,,,,,,,,,,,,,,,,,,,,,,,,,,,,,,,,,,,,,,,,,,,,,,,,,,,,,,,,,,,,,,,,,,,,,,,,,,,,,,,,,,,,,,,,,,,,,,,,,,,,,,,,,,,,,,,,,,,,,,,,,,,,,,,,,,,,,,,,,,,,,,,,,,,,,,,,,,,,,,,,,,,,,,,
20190115,광주광역시,동구,하수관 손상으로 인한 토사세굴 추정,20190620,1,,금남로5가 163-1,35.1513153,126.9139292,0.5,3,1.5,기타,0,0,0,복구완료,침하 부분 다짐 후 보도 재설치 완료,4500000,20190712,20191115,,,,,,,,,,,,,,,,,,,,,,,,,,,,,,,,,,,,,,,,,,,,,,,,,,,,,,,,,,,,,,,,,,,,,,,,,,,,,,,,,,,,,,,,,,,,,,,,,,,,,,,,,,,,,,,,,,,,,,,,,,,,,,,,,,,,,,,,,,,,,,,,,,,,,,,,,,,,,,,,,,,,,,,,,,,,,,,,,,,,,,,,,,,,,,,,,,,,,,,,,,,,,,,,,,,,,,,,,,,,,,,,,,,,,,,,,
20190129,전라남도,완도군,다짐불량으로 인한 지반침하,20190629,1,완도읍,개포로 146-8,34.3187681,126.7441024,1,1,0.5,,0,0,0,복구완료,재다짐 후 재포장 실시,0,20190630,20191113,,,,,,,,,,,,,,,,,,,,,,,,,,,,,,,,,,,,,,,,,,,,,,,,,,,,,,,,,,,,,,,,,,,,,,,,,,,,,,,,,,,,,,,,,,,,,,,,,,,,,,,,,,,,,,,,,,,,,,,,,,,,,,,,,,,,,,,,,,,,,,,,,,,,,,,,,,,,,,,,,,,,,,,,,,,,,,,,,,,,,,,,,,,,,,,,,,,,,,,,,,,,,,,,,,,,,,,,,,,,,,,,,,,,,,,,,
20190183,광주광역시,남구,맨홀접합부 관로파손으로 인한 도로침하 및 동공발생,20190725,1,진월동,331-64번지 앞,35.1238754,126.8945439,1,1,1.3,,0,0,1,복구완료,하수관 원상복구 및 골재채움 다짐 실시 후 아스콘포장 복구 완료,0,20190727,10101,,,,,,,,,,,,,,,,,,,,,,,,,,,,,,,,,,,,,,,,,,,,,,,,,,,,,,,,,,,,,,,,,,,,,,,,,,,,,,,,,,,,,,,,,,,,,,,,,,,,,,,,,,,,,,,,,,,,,,,,,,,,,,,,,,,,,,,,,,,,,,,,,,,,,,,,,,,,,,,,,,,,,,,,,,,,,,,,,,,,,,,,,,,,,,,,,,,,,,,,,,,,,,,,,,,,,,,,,,,,,,,,,,,,,,,,,
20190184,광주광역시,광산구,하수관로 파손에 의한 동공발생 및 지반침하,20190731,1,오선동,547-10번지,35.2068639,126.8068413,1.2,1.2,0.8,,0,0,0,복구완료,하수관 교체 공사 완료,0,20190802,10101,,,,,,,,,,,,,,,,,,,,,,,,,,,,,,,,,,,,,,,,,,,,,,,,,,,,,,,,,,,,,,,,,,,,,,,,,,,,,,,,,,,,,,,,,,,,,,,,,,,,,,,,,,,,,,,,,,,,,,,,,,,,,,,,,,,,,,,,,,,,,,,,,,,,,,,,,,,,,,,,,,,,,,,,,,,,,,,,,,,,,,,,,,,,,,,,,,,,,,,,,,,,,,,,,,,,,,,,,,,,,,,,,,,,,,,,,
20190185,광주광역시,광산구,하수관로 파손에 의한 동공발생 및 지반침하,20190805,1,신가동,918-4번지,35.1797858,126.825157,1,1.2,1,,0,0,0,복구완료,하수관 교체 공사 완료,0,20190807,10101,,,,,,,,,,,,,,,,,,,,,,,,,,,,,,,,,,,,,,,,,,,,,,,,,,,,,,,,,,,,,,,,,,,,,,,,,,,,,,,,,,,,,,,,,,,,,,,,,,,,,,,,,,,,,,,,,,,,,,,,,,,,,,,,,,,,,,,,,,,,,,,,,,,,,,,,,,,,,,,,,,,,,,,,,,,,,,,,,,,,,,,,,,,,,,,,,,,,,,,,,,,,,,,,,,,,,,,,,,,,,,,,,,,,,,,,,
20190186,광주광역시,서구,하수 BOX와 연결된 흄관 접합부 이탈로 침하 발생,20190828,1,쌍촌동,807-9번지,35.1662656,126.863813,1,1,1,,0,0,0,복구완료,접합부 보강 등 복구 공사 완료,0,20190830,10101,,,,,,,,,,,,,,,,,,,,,,,,,,,,,,,,,,,,,,,,,,,,,,,,,,,,,,,,,,,,,,,,,,,,,,,,,,,,,,,,,,,,,,,,,,,,,,,,,,,,,,,,,,,,,,,,,,,,,,,,,,,,,,,,,,,,,,,,,,,,,,,,,,,,,,,,,,,,,,,,,,,,,,,,,,,,,,,,,,,,,,,,,,,,,,,,,,,,,,,,,,,,,,,,,,,,,,,,,,,,,,,,,,,,,,,,,
20190187,광주광역시,광산구,하수관로 파손에 의한 동공발생 및 지반침하,20191002,1,소촌동,826번지,35.1564876,126.7886053,2,2,1,,0,0,0,복구완료,하수관 교체 공사 완료,0,20191004,10101,,,,,,,,,,,,,,,,,,,,,,,,,,,,,,,,,,,,,,,,,,,,,,,,,,,,,,,,,,,,,,,,,,,,,,,,,,,,,,,,,,,,,,,,,,,,,,,,,,,,,,,,,,,,,,,,,,,,,,,,,,,,,,,,,,,,,,,,,,,,,,,,,,,,,,,,,,,,,,,,,,,,,,,,,,,,,,,,,,,,,,,,,,,,,,,,,,,,,,,,,,,,,,,,,,,,,,,,,,,,,,,,,,,,,,,,,
20190188,광주광역시,광산구,하수관로 파손에 의한 동공발생 및 지반침하,20191011,1,오선동,547-26번지,35.2069432,126.8079482,2,3,1.5,,0,0,0,복구완료,하수관 교체 공사 완료,0,20191013,10101,,,,,,,,,,,,,,,,,,,,,,,,,,,,,,,,,,,,,,,,,,,,,,,,,,,,,,,,,,,,,,,,,,,,,,,,,,,,,,,,,,,,,,,,,,,,,,,,,,,,,,,,,,,,,,,,,,,,,,,,,,,,,,,,,,,,,,,,,,,,,,,,,,,,,,,,,,,,,,,,,,,,,,,,,,,,,,,,,,,,,,,,,,,,,,,,,,,,,,,,,,,,,,,,,,,,,,,,,,,,,,,,,,,,,,,,,
20190189,광주광역시,광산구,하수관로 파손에 의한 동공발생 및 지반침하,20191014,1,송정동, 579-4번지,37.4166652,127.2529033,1,1.5,1,,0,0,0,복구완료,하수관 교체 공사 완료,0,20191016,10101,,,,,,,,,,,,,,,,,,,,,,,,,,,,,,,,,,,,,,,,,,,,,,,,,,,,,,,,,,,,,,,,,,,,,,,,,,,,,,,,,,,,,,,,,,,,,,,,,,,,,,,,,,,,,,,,,,,,,,,,,,,,,,,,,,,,,,,,,,,,,,,,,,,,,,,,,,,,,,,,,,,,,,,,,,,,,,,,,,,,,,,,,,,,,,,,,,,,,,,,,,,,,,,,,,,,,,,,,,,,,,,,,,,,,,,,,
20190190,광주광역시,광산구,하수관로 파손에 의한 동공발생 및 지반침하,20191015,1,우산동,1582-4번지,35.1622724,126.8078377,0.6,1.5,1,,0,0,0,복구완료,하수관 교체 공사 완료,0,20191017,10101,,,,,,,,,,,,,,,,,,,,,,,,,,,,,,,,,,,,,,,,,,,,,,,,,,,,,,,,,,,,,,,,,,,,,,,,,,,,,,,,,,,,,,,,,,,,,,,,,,,,,,,,,,,,,,,,,,,,,,,,,,,,,,,,,,,,,,,,,,,,,,,,,,,,,,,,,,,,,,,,,,,,,,,,,,,,,,,,,,,,,,,,,,,,,,,,,,,,,,,,,,,,,,,,,,,,,,,,,,,,,,,,,,,,,,,,,
20190191,광주광역시,광산구,하수관로 파손에 의한 동공발생 및 지반침하,20191119,1,송정동,544-37번지,35.1390005,126.8008193,1,1.5,0.5,,0,0,0,복구완료,하수관 교체 공사 완료,0,20191121,10101,,,,,,,,,,,,,,,,,,,,,,,,,,,,,,,,,,,,,,,,,,,,,,,,,,,,,,,,,,,,,,,,,,,,,,,,,,,,,,,,,,,,,,,,,,,,,,,,,,,,,,,,,,,,,,,,,,,,,,,,,,,,,,,,,,,,,,,,,,,,,,,,,,,,,,,,,,,,,,,,,,,,,,,,,,,,,,,,,,,,,,,,,,,,,,,,,,,,,,,,,,,,,,,,,,,,,,,,,,,,,,,,,,,,,,,,,
20190208,전라남도,신안군,포장 하부 누수로 인한 지반 불안정,20190926,1,신의면 하태동리,산 195-8,34.548636,126.0667727,4,15,0.1,,0,0,0,복구완료,침하구간 임시복구 후 재포장 예정,0,20190928,10101,,,,,,,,,,,,,,,,,,,,,,,,,,,,,,,,,,,,,,,,,,,,,,,,,,,,,,,,,,,,,,,,,,,,,,,,,,,,,,,,,,,,,,,,,,,,,,,,,,,,,,,,,,,,,,,,,,,,,,,,,,,,,,,,,,,,,,,,,,,,,,,,,,,,,,,,,,,,,,,,,,,,,,,,,,,,,,,,,,,,,,,,,,,,,,,,,,,,,,,,,,,,,,,,,,,,,,,,,,,,,,,,,,,,,,,,,
20190209,전라남도,신안군,포장 하부 누수로 인한 지반 불안정,20191107,1,신의면 하태서리,산 202,34.5378908,126.0397406,1.5,3,0.1,,0,0,0,복구완료,추후 재포장 예정,0,20191109,10101,,,,,,,,,,,,,,,,,,,,,,,,,,,,,,,,,,,,,,,,,,,,,,,,,,,,,,,,,,,,,,,,,,,,,,,,,,,,,,,,,,,,,,,,,,,,,,,,,,,,,,,,,,,,,,,,,,,,,,,,,,,,,,,,,,,,,,,,,,,,,,,,,,,,,,,,,,,,,,,,,,,,,,,,,,,,,,,,,,,,,,,,,,,,,,,,,,,,,,,,,,,,,,,,,,,,,,,,,,,,,,,,,,,,,,,,,
20200035,광주광역시,동구,하수관로 부식으로 인한 상부 파손,20200104,1,산수동,133-1(박양례 헤어스튜디오 앞),35.1606526,126.9327678,0.1,0.5,2,,0,0,0,복구완료,관로 내부 PE이중벽관으로 보수,0,20200106,10101,,,,,,,,,,,,,,,,,,,,,,,,,,,,,,,,,,,,,,,,,,,,,,,,,,,,,,,,,,,,,,,,,,,,,,,,,,,,,,,,,,,,,,,,,,,,,,,,,,,,,,,,,,,,,,,,,,,,,,,,,,,,,,,,,,,,,,,,,,,,,,,,,,,,,,,,,,,,,,,,,,,,,,,,,,,,,,,,,,,,,,,,,,,,,,,,,,,,,,,,,,,,,,,,,,,,,,,,,,,,,,,,,,,,,,,,,
20200036,광주광역시,동구,콘크리트관(D450) 균열 및 부식으로 인해 하수관 파손 및 유실,20200330,1,대인동,32-20,35.1538047,126.9150835,0.05,0.05,1,,0,0,0,복구완료,PE이중벽관으로 관로 보수,0,20200827,10101,,,,,,,,,,,,,,,,,,,,,,,,,,,,,,,,,,,,,,,,,,,,,,,,,,,,,,,,,,,,,,,,,,,,,,,,,,,,,,,,,,,,,,,,,,,,,,,,,,,,,,,,,,,,,,,,,,,,,,,,,,,,,,,,,,,,,,,,,,,,,,,,,,,,,,,,,,,,,,,,,,,,,,,,,,,,,,,,,,,,,,,,,,,,,,,,,,,,,,,,,,,,,,,,,,,,,,,,,,,,,,,,,,,,,,,,,
20200037,광주광역시,동구,하수관로 이음부 접합불량으로 인한 지반침하,20200616,1,학동,738-3,35.1327856,126.9295958,0.3,0.3,1,,0,0,0,복구완료,이음부 보수 후 도로 포장,0,20200618,10101,,,,,,,,,,,,,,,,,,,,,,,,,,,,,,,,,,,,,,,,,,,,,,,,,,,,,,,,,,,,,,,,,,,,,,,,,,,,,,,,,,,,,,,,,,,,,,,,,,,,,,,,,,,,,,,,,,,,,,,,,,,,,,,,,,,,,,,,,,,,,,,,,,,,,,,,,,,,,,,,,,,,,,,,,,,,,,,,,,,,,,,,,,,,,,,,,,,,,,,,,,,,,,,,,,,,,,,,,,,,,,,,,,,,,,,,,
20200038,광주광역시,서구,하수도관(D600mm)의 심각한 노후화 등으로 인한 1본(2.5m)이 소실되어 토사유실,20200123,1,화정동,852-9번지 (염주초 인근),35.1402864,126.8778908,1.5,4,2,,0,0,0,복구완료,굴착부분 되메우기 재시공 및 포장 복구 완료,0,20200125,10101,,,,,,,,,,,,,,,,,,,,,,,,,,,,,,,,,,,,,,,,,,,,,,,,,,,,,,,,,,,,,,,,,,,,,,,,,,,,,,,,,,,,,,,,,,,,,,,,,,,,,,,,,,,,,,,,,,,,,,,,,,,,,,,,,,,,,,,,,,,,,,,,,,,,,,,,,,,,,,,,,,,,,,,,,,,,,,,,,,,,,,,,,,,,,,,,,,,,,,,,,,,,,,,,,,,,,,,,,,,,,,,,,,,,,,,,,
20200039,광주광역시,서구,폐공시킨 관이 잘못 연결되어 있어 토사유실 발생,20200426,1,쌍촌동,807-9번지,35.1662656,126.863813,1,2.5,2,,0,0,0,복구완료,굴착부분 되메우기 재시공 및 포장 복구 완료,0,20200428,10101,,,,,,,,,,,,,,,,,,,,,,,,,,,,,,,,,,,,,,,,,,,,,,,,,,,,,,,,,,,,,,,,,,,,,,,,,,,,,,,,,,,,,,,,,,,,,,,,,,,,,,,,,,,,,,,,,,,,,,,,,,,,,,,,,,,,,,,,,,,,,,,,,,,,,,,,,,,,,,,,,,,,,,,,,,,,,,,,,,,,,,,,,,,,,,,,,,,,,,,,,,,,,,,,,,,,,,,,,,,,,,,,,,,,,,,,,
20200040,광주광역시,서구,폐공된 하수관(D800)이 하수박스에 연결된 체 방치되어 토사유실,20200611,1,농성동,666-1번지(화정로 259) 인근,35.1481659,126.8850425,0.5,0.5,3,,0,0,0,복구완료,굴착부분 되메우기 재시공 및 포장 복구 완료,0,20200613,10101,,,,,,,,,,,,,,,,,,,,,,,,,,,,,,,,,,,,,,,,,,,,,,,,,,,,,,,,,,,,,,,,,,,,,,,,,,,,,,,,,,,,,,,,,,,,,,,,,,,,,,,,,,,,,,,,,,,,,,,,,,,,,,,,,,,,,,,,,,,,,,,,,,,,,,,,,,,,,,,,,,,,,,,,,,,,,,,,,,,,,,,,,,,,,,,,,,,,,,,,,,,,,,,,,,,,,,,,,,,,,,,,,,,,,,,,,
20200041,광주광역시,서구,쌍촌주공아파트의 개인관(개인 하수를 공공관에 보내기 위한 관)에 이격이 나서 토사유실,20200615,1,쌍촌동,1229번지 (쌍촌주공아파트) 인근,35.1470708,126.8696767,1.5,1.5,1.5,,0,0,0,복구완료,골재로 채워넣어 임시 보수 후 굴착부분 되메우기 재시공 및 포장 복구 완료,0,20200617,10101,,,,,,,,,,,,,,,,,,,,,,,,,,,,,,,,,,,,,,,,,,,,,,,,,,,,,,,,,,,,,,,,,,,,,,,,,,,,,,,,,,,,,,,,,,,,,,,,,,,,,,,,,,,,,,,,,,,,,,,,,,,,,,,,,,,,,,,,,,,,,,,,,,,,,,,,,,,,,,,,,,,,,,,,,,,,,,,,,,,,,,,,,,,,,,,,,,,,,,,,,,,,,,,,,,,,,,,,,,,,,,,,,,,,,,,,,
20200042,광주광역시,서구,"개인관(개인 하수를 공공관에 보내기 위한 관)이 노후화 및 연결부분이 잘못되었고, 공공관 노후화로 인해 토사 유실(원인이 2가지)",20200616,1,화정동,907-6번지 인근,35.1431949,126.8650886,1,2,1.5,,0,0,0,복구완료,굴착부분 되메우기 재시공 및 포장 복구 완료,0,20200618,10101,,,,,,,,,,,,,,,,,,,,,,,,,,,,,,,,,,,,,,,,,,,,,,,,,,,,,,,,,,,,,,,,,,,,,,,,,,,,,,,,,,,,,,,,,,,,,,,,,,,,,,,,,,,,,,,,,,,,,,,,,,,,,,,,,,,,,,,,,,,,,,,,,,,,,,,,,,,,,,,,,,,,,,,,,,,,,,,,,,,,,,,,,,,,,,,,,,,,,,,,,,,,,,,,,,,,,,,,,,,,,,,,,,,,,,,,,
20200043,광주광역시,서구,오수관(D400mm) 노후화 손상에 의하여 토사유실,20200623,1,화정동,929-1번지 (화정남초 인근),37.6386051,126.8313031,1.5,3,1.5,,0,0,0,복구완료,굴착부분 되메우기 재시공 및 포장 복구 완료,0,20200625,10101,,,,,,,,,,,,,,,,,,,,,,,,,,,,,,,,,,,,,,,,,,,,,,,,,,,,,,,,,,,,,,,,,,,,,,,,,,,,,,,,,,,,,,,,,,,,,,,,,,,,,,,,,,,,,,,,,,,,,,,,,,,,,,,,,,,,,,,,,,,,,,,,,,,,,,,,,,,,,,,,,,,,,,,,,,,,,,,,,,,,,,,,,,,,,,,,,,,,,,,,,,,,,,,,,,,,,,,,,,,,,,,,,,,,,,,,,
20200044,광주광역시,광산구,관로 노후로 인한 세굴 발생,20200107,1,월곡동,556-6번지 주변,35.1693595,126.8117374,0.3,0.5,1.8,,0,0,0,복구완료,노후관로 보수 및 포장 복구 다짐,0,20200109,10101,,,,,,,,,,,,,,,,,,,,,,,,,,,,,,,,,,,,,,,,,,,,,,,,,,,,,,,,,,,,,,,,,,,,,,,,,,,,,,,,,,,,,,,,,,,,,,,,,,,,,,,,,,,,,,,,,,,,,,,,,,,,,,,,,,,,,,,,,,,,,,,,,,,,,,,,,,,,,,,,,,,,,,,,,,,,,,,,,,,,,,,,,,,,,,,,,,,,,,,,,,,,,,,,,,,,,,,,,,,,,,,,,,,,,,,,,
20200045,광주광역시,광산구,다짐 불량,20200120,1,산정동,999번지 주변,35.1710482,126.8032903,1,1,0.5,,0,0,0,복구완료,포장 복구 다짐 완료,0,20200122,10101,,,,,,,,,,,,,,,,,,,,,,,,,,,,,,,,,,,,,,,,,,,,,,,,,,,,,,,,,,,,,,,,,,,,,,,,,,,,,,,,,,,,,,,,,,,,,,,,,,,,,,,,,,,,,,,,,,,,,,,,,,,,,,,,,,,,,,,,,,,,,,,,,,,,,,,,,,,,,,,,,,,,,,,,,,,,,,,,,,,,,,,,,,,,,,,,,,,,,,,,,,,,,,,,,,,,,,,,,,,,,,,,,,,,,,,,,
20200046,광주광역시,광산구,관로 노후로 인한 세굴 발생,20200130,1,신가동,756-4번지 주변,35.1761449,126.8297813,1.5,2,1,,0,0,0,복구완료,노후관로 보수 및 포장 복구 다짐,0,20200201,10101,,,,,,,,,,,,,,,,,,,,,,,,,,,,,,,,,,,,,,,,,,,,,,,,,,,,,,,,,,,,,,,,,,,,,,,,,,,,,,,,,,,,,,,,,,,,,,,,,,,,,,,,,,,,,,,,,,,,,,,,,,,,,,,,,,,,,,,,,,,,,,,,,,,,,,,,,,,,,,,,,,,,,,,,,,,,,,,,,,,,,,,,,,,,,,,,,,,,,,,,,,,,,,,,,,,,,,,,,,,,,,,,,,,,,,,,,
20200047,광주광역시,광산구,관로 노후로 인한 세굴 발생,20200622,1,장덕동,972-2번지 주변,35.1970528,126.8050995,1,1,1,,0,0,0,복구완료,노후관로 보수 및 포장 복구 다짐,0,20200624,10101,,,,,,,,,,,,,,,,,,,,,,,,,,,,,,,,,,,,,,,,,,,,,,,,,,,,,,,,,,,,,,,,,,,,,,,,,,,,,,,,,,,,,,,,,,,,,,,,,,,,,,,,,,,,,,,,,,,,,,,,,,,,,,,,,,,,,,,,,,,,,,,,,,,,,,,,,,,,,,,,,,,,,,,,,,,,,,,,,,,,,,,,,,,,,,,,,,,,,,,,,,,,,,,,,,,,,,,,,,,,,,,,,,,,,,,,,
20200148,전라남도,여수시,아스팔트 포장 면과 L형 측구 부분 틈 발생으로 인한 우수침투로 침하.,20200821,1,소라면,1099,0.00E+00,0.00E+00,3.2,5,0.5,기타,0,0,2,복구완료,소파보수 복구완료,2000000,20200824,10101,,,,,,,,,,,,,,,,,,,,,,,,,,,,,,,,,,,,,,,,,,,,,,,,,,,,,,,,,,,,,,,,,,,,,,,,,,,,,,,,,,,,,,,,,,,,,,,,,,,,,,,,,,,,,,,,,,,,,,,,,,,,,,,,,,,,,,,,,,,,,,,,,,,,,,,,,,,,,,,,,,,,,,,,,,,,,,,,,,,,,,,,,,,,,,,,,,,,,,,,,,,,,,,,,,,,,,,,,,,,,,,,,,,,,,,,,
20200158,전라남도,화순군,지방하수도 배수관 확장공사에 인근 지반 침하 발생,20200716,1,화순읍 삼천리,"672, 나눔의 교회 진입로",35.0546067,126.9788676,1,1,0.3,,0,0,0,복구완료,"포장깨기 후 되메우기 및 콘크리트, 아스콘 재포장",18000000,20200729,10101,,,,,,,,,,,,,,,,,,,,,,,,,,,,,,,,,,,,,,,,,,,,,,,,,,,,,,,,,,,,,,,,,,,,,,,,,,,,,,,,,,,,,,,,,,,,,,,,,,,,,,,,,,,,,,,,,,,,,,,,,,,,,,,,,,,,,,,,,,,,,,,,,,,,,,,,,,,,,,,,,,,,,,,,,,,,,,,,,,,,,,,,,,,,,,,,,,,,,,,,,,,,,,,,,,,,,,,,,,,,,,,,,,,,,,,,,
20200159,전라남도,화순군,우수 맨홀 주위 지하 우수관 접속부위 파손,20200809,1,화순읍,"서양로 322, 1주차장 도로 입구",35.0594333,127.0025,4,3.5,4,,0,0,1,복구완료,우수관 파손 부위 보강공사(흙 되메우기) 후 도로 아스콘 재포장,45800000,20200830,10101,,,,,,,,,,,,,,,,,,,,,,,,,,,,,,,,,,,,,,,,,,,,,,,,,,,,,,,,,,,,,,,,,,,,,,,,,,,,,,,,,,,,,,,,,,,,,,,,,,,,,,,,,,,,,,,,,,,,,,,,,,,,,,,,,,,,,,,,,,,,,,,,,,,,,,,,,,,,,,,,,,,,,,,,,,,,,,,,,,,,,,,,,,,,,,,,,,,,,,,,,,,,,,,,,,,,,,,,,,,,,,,,,,,,,,,,,
20200182,광주광역시,남구,하수관로 파손으로 인하여 토사가 유실되어 지반침하 발생,20200805,1,월산동,921-1 주변,35.1471828,126.8874067,1.5,1.5,1,,0,0,1,복구완료,하수관 교체 및 포장복구,0,20200813,10101,,,,,,,,,,,,,,,,,,,,,,,,,,,,,,,,,,,,,,,,,,,,,,,,,,,,,,,,,,,,,,,,,,,,,,,,,,,,,,,,,,,,,,,,,,,,,,,,,,,,,,,,,,,,,,,,,,,,,,,,,,,,,,,,,,,,,,,,,,,,,,,,,,,,,,,,,,,,,,,,,,,,,,,,,,,,,,,,,,,,,,,,,,,,,,,,,,,,,,,,,,,,,,,,,,,,,,,,,,,,,,,,,,,,,,,,,
20200183,광주광역시,남구,하수BOX 벽체 손상으로 인하여 토사가 유실되어 지반침하 발생,20200809,1,주월동,1283-1 주변,35.1331888,126.9036997,1.5,1.5,1,,0,0,0,복구완료,손상부 보수 및 포장복구,0,20200809,10101,,,,,,,,,,,,,,,,,,,,,,,,,,,,,,,,,,,,,,,,,,,,,,,,,,,,,,,,,,,,,,,,,,,,,,,,,,,,,,,,,,,,,,,,,,,,,,,,,,,,,,,,,,,,,,,,,,,,,,,,,,,,,,,,,,,,,,,,,,,,,,,,,,,,,,,,,,,,,,,,,,,,,,,,,,,,,,,,,,,,,,,,,,,,,,,,,,,,,,,,,,,,,,,,,,,,,,,,,,,,,,,,,,,,,,,,,
20200184,광주광역시,남구,빗물받이 연결관 접합부 파손으로 인하여 토사가 유실되어 지반침하 발생,20200812,1,봉선동,1040-12,35.1273014,126.9114136,1,1.5,1.5,,0,0,0,복구완료,연결관 교체 및 포장복구,0,20200812,10101,,,,,,,,,,,,,,,,,,,,,,,,,,,,,,,,,,,,,,,,,,,,,,,,,,,,,,,,,,,,,,,,,,,,,,,,,,,,,,,,,,,,,,,,,,,,,,,,,,,,,,,,,,,,,,,,,,,,,,,,,,,,,,,,,,,,,,,,,,,,,,,,,,,,,,,,,,,,,,,,,,,,,,,,,,,,,,,,,,,,,,,,,,,,,,,,,,,,,,,,,,,,,,,,,,,,,,,,,,,,,,,,,,,,,,,,,
20200185,광주광역시,남구,하수관로 연결부 파손으로 인하여 토사가 유실되어 지반침하 발생,20200813,1,진월동,262-4,35.1192801,126.8993257,1,1,1,,0,0,0,복구완료,관로 연결부 보수 및 포장복구,0,20200814,10101,,,,,,,,,,,,,,,,,,,,,,,,,,,,,,,,,,,,,,,,,,,,,,,,,,,,,,,,,,,,,,,,,,,,,,,,,,,,,,,,,,,,,,,,,,,,,,,,,,,,,,,,,,,,,,,,,,,,,,,,,,,,,,,,,,,,,,,,,,,,,,,,,,,,,,,,,,,,,,,,,,,,,,,,,,,,,,,,,,,,,,,,,,,,,,,,,,,,,,,,,,,,,,,,,,,,,,,,,,,,,,,,,,,,,,,,,
20200186,광주광역시,남구,하수관로 파손으로 인하여 토사가 유실되어 지반침하 발생,20200820,1,방림동,555-20,35.1302789,126.9141743,1,3,1.5,,0,0,1,복구완료,하수관로 교체 및 포장복구,0,20200901,10101,,,,,,,,,,,,,,,,,,,,,,,,,,,,,,,,,,,,,,,,,,,,,,,,,,,,,,,,,,,,,,,,,,,,,,,,,,,,,,,,,,,,,,,,,,,,,,,,,,,,,,,,,,,,,,,,,,,,,,,,,,,,,,,,,,,,,,,,,,,,,,,,,,,,,,,,,,,,,,,,,,,,,,,,,,,,,,,,,,,,,,,,,,,,,,,,,,,,,,,,,,,,,,,,,,,,,,,,,,,,,,,,,,,,,,,,,
20200201,전라남도,보성군,오폐수관 터짐으로 인한 침하,20200725,1,득량면 삼정리,277-2,34.7831792,127.1532762,2,8,1.7,,0,0,0,복구완료,보수공사,0,20200902,10101,,,,,,,,,,,,,,,,,,,,,,,,,,,,,,,,,,,,,,,,,,,,,,,,,,,,,,,,,,,,,,,,,,,,,,,,,,,,,,,,,,,,,,,,,,,,,,,,,,,,,,,,,,,,,,,,,,,,,,,,,,,,,,,,,,,,,,,,,,,,,,,,,,,,,,,,,,,,,,,,,,,,,,,,,,,,,,,,,,,,,,,,,,,,,,,,,,,,,,,,,,,,,,,,,,,,,,,,,,,,,,,,,,,,,,,,,
20200202,전라남도,보성군,우수관로 파손에 따른 토사유실,20200825,1,미력면 화방리,96,34.8117556,127.1283345,1.2,8,0.4,,0,0,0,복구완료,흙으로 되메우기,0,20200907,10101,,,,,,,,,,,,,,,,,,,,,,,,,,,,,,,,,,,,,,,,,,,,,,,,,,,,,,,,,,,,,,,,,,,,,,,,,,,,,,,,,,,,,,,,,,,,,,,,,,,,,,,,,,,,,,,,,,,,,,,,,,,,,,,,,,,,,,,,,,,,,,,,,,,,,,,,,,,,,,,,,,,,,,,,,,,,,,,,,,,,,,,,,,,,,,,,,,,,,,,,,,,,,,,,,,,,,,,,,,,,,,,,,,,,,,,,,
20200203,전라남도,보성군,배수관로 파손에 따른 토사유실,20200825,1,미력면 반룡리,843-51,34.78724,127.1077019,0.8,2,0.8,,0,0,0,복구완료,흙으로 되메우기,0,20200907,10101,,,,,,,,,,,,,,,,,,,,,,,,,,,,,,,,,,,,,,,,,,,,,,,,,,,,,,,,,,,,,,,,,,,,,,,,,,,,,,,,,,,,,,,,,,,,,,,,,,,,,,,,,,,,,,,,,,,,,,,,,,,,,,,,,,,,,,,,,,,,,,,,,,,,,,,,,,,,,,,,,,,,,,,,,,,,,,,,,,,,,,,,,,,,,,,,,,,,,,,,,,,,,,,,,,,,,,,,,,,,,,,,,,,,,,,,,
20200204,전라남도,보성군,배수관로 노후화에 따른 토사유실,20200820,1,미력면 반룡리,811-6,34.7882572,127.1121948,1.2,12,0.7,,0,0,0,복구완료,흙으로 되메우기,0,20200907,10101,,,,,,,,,,,,,,,,,,,,,,,,,,,,,,,,,,,,,,,,,,,,,,,,,,,,,,,,,,,,,,,,,,,,,,,,,,,,,,,,,,,,,,,,,,,,,,,,,,,,,,,,,,,,,,,,,,,,,,,,,,,,,,,,,,,,,,,,,,,,,,,,,,,,,,,,,,,,,,,,,,,,,,,,,,,,,,,,,,,,,,,,,,,,,,,,,,,,,,,,,,,,,,,,,,,,,,,,,,,,,,,,,,,,,,,,,
20200247,광주광역시,북구,,20200720,1,연제동,36,35.1986633,126.8699724,1,2,1,,0,0,0,복구완료,굴착부분 되메우기 재시공 및 포장 복구 완료,0,20210722,10101,,,,,,,,,,,,,,,,,,,,,,,,,,,,,,,,,,,,,,,,,,,,,,,,,,,,,,,,,,,,,,,,,,,,,,,,,,,,,,,,,,,,,,,,,,,,,,,,,,,,,,,,,,,,,,,,,,,,,,,,,,,,,,,,,,,,,,,,,,,,,,,,,,,,,,,,,,,,,,,,,,,,,,,,,,,,,,,,,,,,,,,,,,,,,,,,,,,,,,,,,,,,,,,,,,,,,,,,,,,,,,,,,,,,,,,,,
20200249,광주광역시,북구,우수받이 연결부위 세굴,20200821,1,동림동,26-1,35.185727,126.8689713,1,1,0.8,,0,0,0,복구완료,굴착부분 되메우기 재시공 및 포장 복구 완료,0,20200821,10101,,,,,,,,,,,,,,,,,,,,,,,,,,,,,,,,,,,,,,,,,,,,,,,,,,,,,,,,,,,,,,,,,,,,,,,,,,,,,,,,,,,,,,,,,,,,,,,,,,,,,,,,,,,,,,,,,,,,,,,,,,,,,,,,,,,,,,,,,,,,,,,,,,,,,,,,,,,,,,,,,,,,,,,,,,,,,,,,,,,,,,,,,,,,,,,,,,,,,,,,,,,,,,,,,,,,,,,,,,,,,,,,,,,,,,,,,
20200250,광주광역시,북구,우수맨홀 세굴,20200810,1,운암동,1051-11,35.1822726,126.8729731,0.6,2,0.8,,0,0,0,복구완료,굴착부분 되메우기 재시공 및 포장 복구 완료,0,20210810,10101,,,,,,,,,,,,,,,,,,,,,,,,,,,,,,,,,,,,,,,,,,,,,,,,,,,,,,,,,,,,,,,,,,,,,,,,,,,,,,,,,,,,,,,,,,,,,,,,,,,,,,,,,,,,,,,,,,,,,,,,,,,,,,,,,,,,,,,,,,,,,,,,,,,,,,,,,,,,,,,,,,,,,,,,,,,,,,,,,,,,,,,,,,,,,,,,,,,,,,,,,,,,,,,,,,,,,,,,,,,,,,,,,,,,,,,,,
20200254,광주광역시,동구,,20200808,1,,계림동 1070,36.4343152,128.1625535,0.7,5,2,,0,0,0,복구완료,-,0,20201231,10101,,,,,,,,,,,,,,,,,,,,,,,,,,,,,,,,,,,,,,,,,,,,,,,,,,,,,,,,,,,,,,,,,,,,,,,,,,,,,,,,,,,,,,,,,,,,,,,,,,,,,,,,,,,,,,,,,,,,,,,,,,,,,,,,,,,,,,,,,,,,,,,,,,,,,,,,,,,,,,,,,,,,,,,,,,,,,,,,,,,,,,,,,,,,,,,,,,,,,,,,,,,,,,,,,,,,,,,,,,,,,,,,,,,,,,,,,
20200255,광주광역시,동구,,20200808,1,,학동 994,35.1397837,126.922494,2,1.5,0.4,,0,0,0,복구완료,-,0,20201231,10101,,,,,,,,,,,,,,,,,,,,,,,,,,,,,,,,,,,,,,,,,,,,,,,,,,,,,,,,,,,,,,,,,,,,,,,,,,,,,,,,,,,,,,,,,,,,,,,,,,,,,,,,,,,,,,,,,,,,,,,,,,,,,,,,,,,,,,,,,,,,,,,,,,,,,,,,,,,,,,,,,,,,,,,,,,,,,,,,,,,,,,,,,,,,,,,,,,,,,,,,,,,,,,,,,,,,,,,,,,,,,,,,,,,,,,,,,
20200256,광주광역시,동구,,20200808,1,,운림동 628,35.1325421,126.9412021,1,1,0.2,,0,0,0,복구완료,-,0,20201231,10101,,,,,,,,,,,,,,,,,,,,,,,,,,,,,,,,,,,,,,,,,,,,,,,,,,,,,,,,,,,,,,,,,,,,,,,,,,,,,,,,,,,,,,,,,,,,,,,,,,,,,,,,,,,,,,,,,,,,,,,,,,,,,,,,,,,,,,,,,,,,,,,,,,,,,,,,,,,,,,,,,,,,,,,,,,,,,,,,,,,,,,,,,,,,,,,,,,,,,,,,,,,,,,,,,,,,,,,,,,,,,,,,,,,,,,,,,
20200257,광주광역시,동구,,20200810,1,,산수동 62-1,35.1562813,126.9372898,1.2,1.2,0.3,,0,0,0,복구완료,-,0,20201231,10101,,,,,,,,,,,,,,,,,,,,,,,,,,,,,,,,,,,,,,,,,,,,,,,,,,,,,,,,,,,,,,,,,,,,,,,,,,,,,,,,,,,,,,,,,,,,,,,,,,,,,,,,,,,,,,,,,,,,,,,,,,,,,,,,,,,,,,,,,,,,,,,,,,,,,,,,,,,,,,,,,,,,,,,,,,,,,,,,,,,,,,,,,,,,,,,,,,,,,,,,,,,,,,,,,,,,,,,,,,,,,,,,,,,,,,,,,
20200258,광주광역시,동구,,20200811,1,,금남로 4가역,0.00E+00,0.00E+00,2,2,1.5,,0,0,0,복구완료,-,0,20201231,10101,,,,,,,,,,,,,,,,,,,,,,,,,,,,,,,,,,,,,,,,,,,,,,,,,,,,,,,,,,,,,,,,,,,,,,,,,,,,,,,,,,,,,,,,,,,,,,,,,,,,,,,,,,,,,,,,,,,,,,,,,,,,,,,,,,,,,,,,,,,,,,,,,,,,,,,,,,,,,,,,,,,,,,,,,,,,,,,,,,,,,,,,,,,,,,,,,,,,,,,,,,,,,,,,,,,,,,,,,,,,,,,,,,,,,,,,,
20200259,광주광역시,동구,,20200811,1,,수기동 80,35.1497116,126.9105427,0.5,2,1,,0,0,3,복구완료,-,0,20201231,10101,,,,,,,,,,,,,,,,,,,,,,,,,,,,,,,,,,,,,,,,,,,,,,,,,,,,,,,,,,,,,,,,,,,,,,,,,,,,,,,,,,,,,,,,,,,,,,,,,,,,,,,,,,,,,,,,,,,,,,,,,,,,,,,,,,,,,,,,,,,,,,,,,,,,,,,,,,,,,,,,,,,,,,,,,,,,,,,,,,,,,,,,,,,,,,,,,,,,,,,,,,,,,,,,,,,,,,,,,,,,,,,,,,,,,,,,,
20200273,광주광역시,북구,굴착부분 되메우기 재시공 및 포장 복구 완료,20200814,1,대촌동,870-14 (대원장례식장 입구),35.2348662,126.8479012,2,2,1,,0,0,0,복구완료,굴착부분 되메우기 재시공 및 포장 복구,0,20200816,10101,,,,,,,,,,,,,,,,,,,,,,,,,,,,,,,,,,,,,,,,,,,,,,,,,,,,,,,,,,,,,,,,,,,,,,,,,,,,,,,,,,,,,,,,,,,,,,,,,,,,,,,,,,,,,,,,,,,,,,,,,,,,,,,,,,,,,,,,,,,,,,,,,,,,,,,,,,,,,,,,,,,,,,,,,,,,,,,,,,,,,,,,,,,,,,,,,,,,,,,,,,,,,,,,,,,,,,,,,,,,,,,,,,,,,,,,,
20200274,광주광역시,북구,흄관 부식,20200816,1,양산동,205-1,35.2133349,126.8794203,1,1,2,,0,0,0,복구완료,PE삼중벽관(D500mm) L=30m 교체 매설 및 도로 복구 완료,0,20200819,10101,,,,,,,,,,,,,,,,,,,,,,,,,,,,,,,,,,,,,,,,,,,,,,,,,,,,,,,,,,,,,,,,,,,,,,,,,,,,,,,,,,,,,,,,,,,,,,,,,,,,,,,,,,,,,,,,,,,,,,,,,,,,,,,,,,,,,,,,,,,,,,,,,,,,,,,,,,,,,,,,,,,,,,,,,,,,,,,,,,,,,,,,,,,,,,,,,,,,,,,,,,,,,,,,,,,,,,,,,,,,,,,,,,,,,,,,,
20200275,광주광역시,북구,암거박스 하단 접합부 세굴,20200818,1,오치동,1036-1,35.1867084,126.9134823,1,1,2,,0,0,0,복구완료,굴착부분 되메우기 재시공 및 포장 복구 완료,0,20200820,10101,,,,,,,,,,,,,,,,,,,,,,,,,,,,,,,,,,,,,,,,,,,,,,,,,,,,,,,,,,,,,,,,,,,,,,,,,,,,,,,,,,,,,,,,,,,,,,,,,,,,,,,,,,,,,,,,,,,,,,,,,,,,,,,,,,,,,,,,,,,,,,,,,,,,,,,,,,,,,,,,,,,,,,,,,,,,,,,,,,,,,,,,,,,,,,,,,,,,,,,,,,,,,,,,,,,,,,,,,,,,,,,,,,,,,,,,,
20200276,광주광역시,북구,도시가스 흄관 관통,20200819,1,운암동,1578,35.1707323,126.8822684,1,1,1.5,,0,0,0,복구완료,골재 되메우기 응급복구 완료,0,20200820,10101,,,,,,,,,,,,,,,,,,,,,,,,,,,,,,,,,,,,,,,,,,,,,,,,,,,,,,,,,,,,,,,,,,,,,,,,,,,,,,,,,,,,,,,,,,,,,,,,,,,,,,,,,,,,,,,,,,,,,,,,,,,,,,,,,,,,,,,,,,,,,,,,,,,,,,,,,,,,,,,,,,,,,,,,,,,,,,,,,,,,,,,,,,,,,,,,,,,,,,,,,,,,,,,,,,,,,,,,,,,,,,,,,,,,,,,,,
20200277,광주광역시,북구,암거박스 기초 하단부 세굴,20200821,1,양산동,330 (KT&amp;G),37.1969309,127.0266559,1,1,2,,0,0,0,복구완료,골재 되메우기 응급복구 완료,0,20210822,10101,,,,,,,,,,,,,,,,,,,,,,,,,,,,,,,,,,,,,,,,,,,,,,,,,,,,,,,,,,,,,,,,,,,,,,,,,,,,,,,,,,,,,,,,,,,,,,,,,,,,,,,,,,,,,,,,,,,,,,,,,,,,,,,,,,,,,,,,,,,,,,,,,,,,,,,,,,,,,,,,,,,,,,,,,,,,,,,,,,,,,,,,,,,,,,,,,,,,,,,,,,,,,,,,,,,,,,,,,,,,,,,,,,,,,,,,,
20200278,광주광역시,북구,암거박스 측면 세굴,20200901,1,두암동,875-8,35.1698422,126.928131,1,1,0.5,,0,0,0,복구완료,암거박스 측면 보수 및 골재 되메우기,0,20200901,10101,,,,,,,,,,,,,,,,,,,,,,,,,,,,,,,,,,,,,,,,,,,,,,,,,,,,,,,,,,,,,,,,,,,,,,,,,,,,,,,,,,,,,,,,,,,,,,,,,,,,,,,,,,,,,,,,,,,,,,,,,,,,,,,,,,,,,,,,,,,,,,,,,,,,,,,,,,,,,,,,,,,,,,,,,,,,,,,,,,,,,,,,,,,,,,,,,,,,,,,,,,,,,,,,,,,,,,,,,,,,,,,,,,,,,,,,,
20200280,광주광역시,광산구,,20200811,1,비아동,비아동707-14번지 주변,0.00E+00,0.00E+00,0.3,0.5,1.8,,0,0,0,복구완료,노후관로 보수 및 포장 복구 다짐,0,20200812,10101,,,,,,,,,,,,,,,,,,,,,,,,,,,,,,,,,,,,,,,,,,,,,,,,,,,,,,,,,,,,,,,,,,,,,,,,,,,,,,,,,,,,,,,,,,,,,,,,,,,,,,,,,,,,,,,,,,,,,,,,,,,,,,,,,,,,,,,,,,,,,,,,,,,,,,,,,,,,,,,,,,,,,,,,,,,,,,,,,,,,,,,,,,,,,,,,,,,,,,,,,,,,,,,,,,,,,,,,,,,,,,,,,,,,,,,,,
20200281,광주광역시,광산구,,20200828,1,수완동,수완동929,0.00E+00,0.00E+00,0.5,0.5,0.4,,0,0,0,복구완료,맨홀 및 관로 접합부 노후로 인한 세굴 발생,0,20200829,10101,,,,,,,,,,,,,,,,,,,,,,,,,,,,,,,,,,,,,,,,,,,,,,,,,,,,,,,,,,,,,,,,,,,,,,,,,,,,,,,,,,,,,,,,,,,,,,,,,,,,,,,,,,,,,,,,,,,,,,,,,,,,,,,,,,,,,,,,,,,,,,,,,,,,,,,,,,,,,,,,,,,,,,,,,,,,,,,,,,,,,,,,,,,,,,,,,,,,,,,,,,,,,,,,,,,,,,,,,,,,,,,,,,,,,,,,,
20200282,광주광역시,광산구,,20201129,1,비아동,비아동677-1번지 주변,0.00E+00,0.00E+00,1,1,1,,0,0,0,복구완료,노후관로 보수 및 포장 복구 다짐,0,20201130,10101,,,,,,,,,,,,,,,,,,,,,,,,,,,,,,,,,,,,,,,,,,,,,,,,,,,,,,,,,,,,,,,,,,,,,,,,,,,,,,,,,,,,,,,,,,,,,,,,,,,,,,,,,,,,,,,,,,,,,,,,,,,,,,,,,,,,,,,,,,,,,,,,,,,,,,,,,,,,,,,,,,,,,,,,,,,,,,,,,,,,,,,,,,,,,,,,,,,,,,,,,,,,,,,,,,,,,,,,,,,,,,,,,,,,,,,,,
20200283,광주광역시,서구,다짐(되메우기)불량,20200807,1,,상무대로 쌍촌역에서 화정역 방면,0.00E+00,0.00E+00,7,9,2.5,,0,0,0,복구완료,굴착부분 되메우기 재시공 및 포장 복구 완료,0,20200814,10101,,,,,,,,,,,,,,,,,,,,,,,,,,,,,,,,,,,,,,,,,,,,,,,,,,,,,,,,,,,,,,,,,,,,,,,,,,,,,,,,,,,,,,,,,,,,,,,,,,,,,,,,,,,,,,,,,,,,,,,,,,,,,,,,,,,,,,,,,,,,,,,,,,,,,,,,,,,,,,,,,,,,,,,,,,,,,,,,,,,,,,,,,,,,,,,,,,,,,,,,,,,,,,,,,,,,,,,,,,,,,,,,,,,,,,,,,
20200284,광주광역시,동구,,20200808,1,,제봉로 15,35.2946405,126.7820083,3,40,0.03,,0,0,0,복구완료,굴착부분 되메우기 재시공 및 포장 복구,0,20200812,10101,,,,,,,,,,,,,,,,,,,,,,,,,,,,,,,,,,,,,,,,,,,,,,,,,,,,,,,,,,,,,,,,,,,,,,,,,,,,,,,,,,,,,,,,,,,,,,,,,,,,,,,,,,,,,,,,,,,,,,,,,,,,,,,,,,,,,,,,,,,,,,,,,,,,,,,,,,,,,,,,,,,,,,,,,,,,,,,,,,,,,,,,,,,,,,,,,,,,,,,,,,,,,,,,,,,,,,,,,,,,,,,,,,,,,,,,,
20200285,광주광역시,동구,,20200811,1,,제봉로 27,35.1411425,126.9211498,3,4,1,,0,0,0,복구완료,굴착부분 되메우기 재시공 및 포장 복구 완료,0,20200813,10101,,,,,,,,,,,,,,,,,,,,,,,,,,,,,,,,,,,,,,,,,,,,,,,,,,,,,,,,,,,,,,,,,,,,,,,,,,,,,,,,,,,,,,,,,,,,,,,,,,,,,,,,,,,,,,,,,,,,,,,,,,,,,,,,,,,,,,,,,,,,,,,,,,,,,,,,,,,,,,,,,,,,,,,,,,,,,,,,,,,,,,,,,,,,,,,,,,,,,,,,,,,,,,,,,,,,,,,,,,,,,,,,,,,,,,,,,
20200286,광주광역시,동구,,20200812,1,,남문로 소태역 주차장 입구,0.00E+00,0.00E+00,5,10,2.5,,0,0,0,복구완료,굴착부분 되메우기 재시공 및 포장 복구 완료,0,20200813,10101,,,,,,,,,,,,,,,,,,,,,,,,,,,,,,,,,,,,,,,,,,,,,,,,,,,,,,,,,,,,,,,,,,,,,,,,,,,,,,,,,,,,,,,,,,,,,,,,,,,,,,,,,,,,,,,,,,,,,,,,,,,,,,,,,,,,,,,,,,,,,,,,,,,,,,,,,,,,,,,,,,,,,,,,,,,,,,,,,,,,,,,,,,,,,,,,,,,,,,,,,,,,,,,,,,,,,,,,,,,,,,,,,,,,,,,,,
20200289,광주광역시,북구,,20200819,1,,삼소로 대원장례식장 입구 3거리 교차로,0.00E+00,0.00E+00,2,2,2,,0,0,0,복구완료,굴착부분 되메우기 재시공 및 포장 복구,0,20200821,10101,,,,,,,,,,,,,,,,,,,,,,,,,,,,,,,,,,,,,,,,,,,,,,,,,,,,,,,,,,,,,,,,,,,,,,,,,,,,,,,,,,,,,,,,,,,,,,,,,,,,,,,,,,,,,,,,,,,,,,,,,,,,,,,,,,,,,,,,,,,,,,,,,,,,,,,,,,,,,,,,,,,,,,,,,,,,,,,,,,,,,,,,,,,,,,,,,,,,,,,,,,,,,,,,,,,,,,,,,,,,,,,,,,,,,,,,,
20200290,광주광역시,동구,,20200903,1,,필문대로 남광주고가 하부,0.00E+00,0.00E+00,2,4,1,,0,0,0,복구완료,굴착부분 되메우기 재시공 및 포장복구 완료,0,20200903,10101,,,,,,,,,,,,,,,,,,,,,,,,,,,,,,,,,,,,,,,,,,,,,,,,,,,,,,,,,,,,,,,,,,,,,,,,,,,,,,,,,,,,,,,,,,,,,,,,,,,,,,,,,,,,,,,,,,,,,,,,,,,,,,,,,,,,,,,,,,,,,,,,,,,,,,,,,,,,,,,,,,,,,,,,,,,,,,,,,,,,,,,,,,,,,,,,,,,,,,,,,,,,,,,,,,,,,,,,,,,,,,,,,,,,,,,,,
20200291,광주광역시,서구,,20200808,1,,서구 치평동 754-1,35.1540504,126.8330326,1,2,1.5,,0,0,0,복구완료,하수관 교체,0,20200819,10101,,,,,,,,,,,,,,,,,,,,,,,,,,,,,,,,,,,,,,,,,,,,,,,,,,,,,,,,,,,,,,,,,,,,,,,,,,,,,,,,,,,,,,,,,,,,,,,,,,,,,,,,,,,,,,,,,,,,,,,,,,,,,,,,,,,,,,,,,,,,,,,,,,,,,,,,,,,,,,,,,,,,,,,,,,,,,,,,,,,,,,,,,,,,,,,,,,,,,,,,,,,,,,,,,,,,,,,,,,,,,,,,,,,,,,,,,
20200292,광주광역시,서구,,20200807,1,마륵동,171-12 인근,35.1425645,126.8414811,2,1,0.5,,0,0,1,복구완료,굴착부분 되메우기 재시공 및 포장 복구 완료,0,20200812,10101,,,,,,,,,,,,,,,,,,,,,,,,,,,,,,,,,,,,,,,,,,,,,,,,,,,,,,,,,,,,,,,,,,,,,,,,,,,,,,,,,,,,,,,,,,,,,,,,,,,,,,,,,,,,,,,,,,,,,,,,,,,,,,,,,,,,,,,,,,,,,,,,,,,,,,,,,,,,,,,,,,,,,,,,,,,,,,,,,,,,,,,,,,,,,,,,,,,,,,,,,,,,,,,,,,,,,,,,,,,,,,,,,,,,,,,,,
20200293,광주광역시,서구,,20200807,1,쌍촌동,877-6번지 인근,35.1461997,126.8572985,5,2,0.2,,0,0,1,복구완료,굴착부분 되메우기 재시공 및 포장 복구 완료,0,20200812,10101,,,,,,,,,,,,,,,,,,,,,,,,,,,,,,,,,,,,,,,,,,,,,,,,,,,,,,,,,,,,,,,,,,,,,,,,,,,,,,,,,,,,,,,,,,,,,,,,,,,,,,,,,,,,,,,,,,,,,,,,,,,,,,,,,,,,,,,,,,,,,,,,,,,,,,,,,,,,,,,,,,,,,,,,,,,,,,,,,,,,,,,,,,,,,,,,,,,,,,,,,,,,,,,,,,,,,,,,,,,,,,,,,,,,,,,,,
20200295,광주광역시,서구,우수받이 연결관의 연결 미흡으로 침하,20200810,1,,쌍촌동 1229번지 인근,35.1470708,126.8696767,1,2,1,,0,0,0,복구완료,되메우기 재시공 및 포장복구,0,20200812,10101,,,,,,,,,,,,,,,,,,,,,,,,,,,,,,,,,,,,,,,,,,,,,,,,,,,,,,,,,,,,,,,,,,,,,,,,,,,,,,,,,,,,,,,,,,,,,,,,,,,,,,,,,,,,,,,,,,,,,,,,,,,,,,,,,,,,,,,,,,,,,,,,,,,,,,,,,,,,,,,,,,,,,,,,,,,,,,,,,,,,,,,,,,,,,,,,,,,,,,,,,,,,,,,,,,,,,,,,,,,,,,,,,,,,,,,,,
20200298,광주광역시,서구,,20200807,1,화정동,1708,35.1590614,126.8773626,1,1,1,,0,0,0,복구완료,되메우기 재시공 및 포장복구 완료,0,20200809,10101,,,,,,,,,,,,,,,,,,,,,,,,,,,,,,,,,,,,,,,,,,,,,,,,,,,,,,,,,,,,,,,,,,,,,,,,,,,,,,,,,,,,,,,,,,,,,,,,,,,,,,,,,,,,,,,,,,,,,,,,,,,,,,,,,,,,,,,,,,,,,,,,,,,,,,,,,,,,,,,,,,,,,,,,,,,,,,,,,,,,,,,,,,,,,,,,,,,,,,,,,,,,,,,,,,,,,,,,,,,,,,,,,,,,,,,,,
20200299,광주광역시,서구,,20200810,1,쌍촌동,1229,35.1470708,126.8696767,1,2,3,,0,0,0,복구완료,되메우기 재시공 및 포장복구 완료,0,20200812,10101,,,,,,,,,,,,,,,,,,,,,,,,,,,,,,,,,,,,,,,,,,,,,,,,,,,,,,,,,,,,,,,,,,,,,,,,,,,,,,,,,,,,,,,,,,,,,,,,,,,,,,,,,,,,,,,,,,,,,,,,,,,,,,,,,,,,,,,,,,,,,,,,,,,,,,,,,,,,,,,,,,,,,,,,,,,,,,,,,,,,,,,,,,,,,,,,,,,,,,,,,,,,,,,,,,,,,,,,,,,,,,,,,,,,,,,,,
20200300,광주광역시,서구,,20201026,1,쌍촌동,쌍촌로48번길 인근,0.00E+00,0.00E+00,1,1.2,1.1,,0,0,0,복구완료,하수도 공사 완료,0,20201029,10101,,,,,,,,,,,,,,,,,,,,,,,,,,,,,,,,,,,,,,,,,,,,,,,,,,,,,,,,,,,,,,,,,,,,,,,,,,,,,,,,,,,,,,,,,,,,,,,,,,,,,,,,,,,,,,,,,,,,,,,,,,,,,,,,,,,,,,,,,,,,,,,,,,,,,,,,,,,,,,,,,,,,,,,,,,,,,,,,,,,,,,,,,,,,,,,,,,,,,,,,,,,,,,,,,,,,,,,,,,,,,,,,,,,,,,,,,
20200301,광주광역시,서구,,20201128,1,화정동,178-8,35.1558067,126.8819439,0.2,0.2,2.5,,0,1,0,복구완료,하수도 공사 완료,0,20201130,10101,,,,,,,,,,,,,,,,,,,,,,,,,,,,,,,,,,,,,,,,,,,,,,,,,,,,,,,,,,,,,,,,,,,,,,,,,,,,,,,,,,,,,,,,,,,,,,,,,,,,,,,,,,,,,,,,,,,,,,,,,,,,,,,,,,,,,,,,,,,,,,,,,,,,,,,,,,,,,,,,,,,,,,,,,,,,,,,,,,,,,,,,,,,,,,,,,,,,,,,,,,,,,,,,,,,,,,,,,,,,,,,,,,,,,,,,,
20200306,광주광역시,광산구,하수관 노후화에 따른 토사 유실,20200811,1,,월곡동 579-7,35.1687155,126.8165681,2,2,2,,0,0,0,복구완료,하수관 보수 미 포장 복구 완료,0,20200812,10101,,,,,,,,,,,,,,,,,,,,,,,,,,,,,,,,,,,,,,,,,,,,,,,,,,,,,,,,,,,,,,,,,,,,,,,,,,,,,,,,,,,,,,,,,,,,,,,,,,,,,,,,,,,,,,,,,,,,,,,,,,,,,,,,,,,,,,,,,,,,,,,,,,,,,,,,,,,,,,,,,,,,,,,,,,,,,,,,,,,,,,,,,,,,,,,,,,,,,,,,,,,,,,,,,,,,,,,,,,,,,,,,,,,,,,,,,
20200307,광주광역시,광산구,도로내 다짐 불량 등에 의한 침하,20200826,1,,월계동 847-1,35.2107468,126.8389695,0.8,0.8,1,,0,0,0,복구완료,하수관 보수 및 포장 복구,0,20200826,10101,,,,,,,,,,,,,,,,,,,,,,,,,,,,,,,,,,,,,,,,,,,,,,,,,,,,,,,,,,,,,,,,,,,,,,,,,,,,,,,,,,,,,,,,,,,,,,,,,,,,,,,,,,,,,,,,,,,,,,,,,,,,,,,,,,,,,,,,,,,,,,,,,,,,,,,,,,,,,,,,,,,,,,,,,,,,,,,,,,,,,,,,,,,,,,,,,,,,,,,,,,,,,,,,,,,,,,,,,,,,,,,,,,,,,,,,,
20200308,광주광역시,광산구,하수관 접합 부위 불량에 따른 토사 유실,20200811,1,,비아동 707-8,35.2206136,126.824616,1,1,1,,0,0,0,복구완료,하수관 보수 및 포장 완료,0,20200820,10101,,,,,,,,,,,,,,,,,,,,,,,,,,,,,,,,,,,,,,,,,,,,,,,,,,,,,,,,,,,,,,,,,,,,,,,,,,,,,,,,,,,,,,,,,,,,,,,,,,,,,,,,,,,,,,,,,,,,,,,,,,,,,,,,,,,,,,,,,,,,,,,,,,,,,,,,,,,,,,,,,,,,,,,,,,,,,,,,,,,,,,,,,,,,,,,,,,,,,,,,,,,,,,,,,,,,,,,,,,,,,,,,,,,,,,,,,
20200310,광주광역시,광산구,,20200821,1,도천동,도천동621-15번지 주변,0.00E+00,0.00E+00,1.5,2,1,,0,0,0,복구완료,노후 관로 보수 및 포장 복구 다짐,0,20200822,10101,,,,,,,,,,,,,,,,,,,,,,,,,,,,,,,,,,,,,,,,,,,,,,,,,,,,,,,,,,,,,,,,,,,,,,,,,,,,,,,,,,,,,,,,,,,,,,,,,,,,,,,,,,,,,,,,,,,,,,,,,,,,,,,,,,,,,,,,,,,,,,,,,,,,,,,,,,,,,,,,,,,,,,,,,,,,,,,,,,,,,,,,,,,,,,,,,,,,,,,,,,,,,,,,,,,,,,,,,,,,,,,,,,,,,,,,,
20200319,광주광역시,광산구,,20200816,1,도천동,295-15,35.2093903,126.8171709,0.5,0.5,1,,0,0,0,복구완료,하수관 보수 및 포장 복구,0,20210817,10101,,,,,,,,,,,,,,,,,,,,,,,,,,,,,,,,,,,,,,,,,,,,,,,,,,,,,,,,,,,,,,,,,,,,,,,,,,,,,,,,,,,,,,,,,,,,,,,,,,,,,,,,,,,,,,,,,,,,,,,,,,,,,,,,,,,,,,,,,,,,,,,,,,,,,,,,,,,,,,,,,,,,,,,,,,,,,,,,,,,,,,,,,,,,,,,,,,,,,,,,,,,,,,,,,,,,,,,,,,,,,,,,,,,,,,,,,
20210091,광주광역시,동구,지하 매설시설물 손상 추정,20210319,1,,지산동 5-1 일원,37.0764457,127.0957535,5,5,4,,0,0,0,임시복구,지반침하 발생지점 토사 되메우기 및 포장 복구 완료,0,20210322,10101,,,,,,,,,,,,,,,,,,,,,,,,,,,,,,,,,,,,,,,,,,,,,,,,,,,,,,,,,,,,,,,,,,,,,,,,,,,,,,,,,,,,,,,,,,,,,,,,,,,,,,,,,,,,,,,,,,,,,,,,,,,,,,,,,,,,,,,,,,,,,,,,,,,,,,,,,,,,,,,,,,,,,,,,,,,,,,,,,,,,,,,,,,,,,,,,,,,,,,,,,,,,,,,,,,,,,,,,,,,,,,,,,,,,,,,,,
20210092,광주광역시,동구,하수관로(D900mm) 파손으로 토사 유실,20210521,1,,갈마로 18,35.160716,126.9327827,2,2,2,,0,0,0,복구완료,"하수관로 보수 완료, 토사 되메우기 및 보도 복구 완료",0,20210523,10101,,,,,,,,,,,,,,,,,,,,,,,,,,,,,,,,,,,,,,,,,,,,,,,,,,,,,,,,,,,,,,,,,,,,,,,,,,,,,,,,,,,,,,,,,,,,,,,,,,,,,,,,,,,,,,,,,,,,,,,,,,,,,,,,,,,,,,,,,,,,,,,,,,,,,,,,,,,,,,,,,,,,,,,,,,,,,,,,,,,,,,,,,,,,,,,,,,,,,,,,,,,,,,,,,,,,,,,,,,,,,,,,,,,,,,,,,
20210093,광주광역시,동구,다짐불량으로 인한 자연침하,20210612,1,,문화전장로26번길 새마을금고 앞 부근,0.00E+00,0.00E+00,2.2,2.2,1.3,,0,0,0,복구완료,굴착부분 되메우기 재시공 및 포장복구완료,0,20210614,10101,,,,,,,,,,,,,,,,,,,,,,,,,,,,,,,,,,,,,,,,,,,,,,,,,,,,,,,,,,,,,,,,,,,,,,,,,,,,,,,,,,,,,,,,,,,,,,,,,,,,,,,,,,,,,,,,,,,,,,,,,,,,,,,,,,,,,,,,,,,,,,,,,,,,,,,,,,,,,,,,,,,,,,,,,,,,,,,,,,,,,,,,,,,,,,,,,,,,,,,,,,,,,,,,,,,,,,,,,,,,,,,,,,,,,,,,,
20210094,광주광역시,서구,하수관(D600mm)파손으로 토사유실,20210521,1,,화정동 859-2번지 주변,35.1397302,126.8786136,1,4,1.5,,0,0,0,복구완료,하수관 교체 및 포장 복구 완료,0,20210521,10101,,,,,,,,,,,,,,,,,,,,,,,,,,,,,,,,,,,,,,,,,,,,,,,,,,,,,,,,,,,,,,,,,,,,,,,,,,,,,,,,,,,,,,,,,,,,,,,,,,,,,,,,,,,,,,,,,,,,,,,,,,,,,,,,,,,,,,,,,,,,,,,,,,,,,,,,,,,,,,,,,,,,,,,,,,,,,,,,,,,,,,,,,,,,,,,,,,,,,,,,,,,,,,,,,,,,,,,,,,,,,,,,,,,,,,,,,
20210095,광주광역시,서구,토사 자체에 문제(굴착을하여도 토사가 비어있지 않음),20210522,1,,화정동 1020번지 주변,37.6387456,126.8289929,0.5,3,1,,0,0,0,복구완료,"굴착이후 흙다지기 및 되메우기, 포장복구완료",0,20210526,10101,,,,,,,,,,,,,,,,,,,,,,,,,,,,,,,,,,,,,,,,,,,,,,,,,,,,,,,,,,,,,,,,,,,,,,,,,,,,,,,,,,,,,,,,,,,,,,,,,,,,,,,,,,,,,,,,,,,,,,,,,,,,,,,,,,,,,,,,,,,,,,,,,,,,,,,,,,,,,,,,,,,,,,,,,,,,,,,,,,,,,,,,,,,,,,,,,,,,,,,,,,,,,,,,,,,,,,,,,,,,,,,,,,,,,,,,,
20210096,광주광역시,서구,다짐불량으로 인해 자연침하,20210621,1,,죽봉대로 103앞 부근,35.1625409,126.883908,1.4,2.55,0.6,,0,0,0,복구완료,굴착부분 되메우기 재시공 및 포장 복구 완료,0,20210701,10101,,,,,,,,,,,,,,,,,,,,,,,,,,,,,,,,,,,,,,,,,,,,,,,,,,,,,,,,,,,,,,,,,,,,,,,,,,,,,,,,,,,,,,,,,,,,,,,,,,,,,,,,,,,,,,,,,,,,,,,,,,,,,,,,,,,,,,,,,,,,,,,,,,,,,,,,,,,,,,,,,,,,,,,,,,,,,,,,,,,,,,,,,,,,,,,,,,,,,,,,,,,,,,,,,,,,,,,,,,,,,,,,,,,,,,,,,
20210097,광주광역시,북구,다짐불량으로 인한 자연침하,20210629,1,,빛고을대로 동림동 산 58-14 부근,0.00E+00,0.00E+00,1.4,2.3,0.9,,0,0,0,복구완료,굴착부분 되메우기 재시공 및 포장 복구 완료,0,20210701,10101,,,,,,,,,,,,,,,,,,,,,,,,,,,,,,,,,,,,,,,,,,,,,,,,,,,,,,,,,,,,,,,,,,,,,,,,,,,,,,,,,,,,,,,,,,,,,,,,,,,,,,,,,,,,,,,,,,,,,,,,,,,,,,,,,,,,,,,,,,,,,,,,,,,,,,,,,,,,,,,,,,,,,,,,,,,,,,,,,,,,,,,,,,,,,,,,,,,,,,,,,,,,,,,,,,,,,,,,,,,,,,,,,,,,,,,,,
20210098,광주광역시,광산구,관로 노후로 인한 세굴 발생,20210429,1,,비아동 715-8,35.2202995,126.8204904,1.5,2,0.3,,0,0,0,복구완료,노후관로 보수 및 포장 복구 다짐,0,20210430,10101,,,,,,,,,,,,,,,,,,,,,,,,,,,,,,,,,,,,,,,,,,,,,,,,,,,,,,,,,,,,,,,,,,,,,,,,,,,,,,,,,,,,,,,,,,,,,,,,,,,,,,,,,,,,,,,,,,,,,,,,,,,,,,,,,,,,,,,,,,,,,,,,,,,,,,,,,,,,,,,,,,,,,,,,,,,,,,,,,,,,,,,,,,,,,,,,,,,,,,,,,,,,,,,,,,,,,,,,,,,,,,,,,,,,,,,,,
20210099,광주광역시,광산구,관로 노후로 인한 세굴 발생,20210511,1,,신가동 1002-16,35.1846058,126.8335697,1,1,0.8,,0,0,0,복구완료,노후관로 보수 및 포장 복구 다짐,0,20210512,10101,,,,,,,,,,,,,,,,,,,,,,,,,,,,,,,,,,,,,,,,,,,,,,,,,,,,,,,,,,,,,,,,,,,,,,,,,,,,,,,,,,,,,,,,,,,,,,,,,,,,,,,,,,,,,,,,,,,,,,,,,,,,,,,,,,,,,,,,,,,,,,,,,,,,,,,,,,,,,,,,,,,,,,,,,,,,,,,,,,,,,,,,,,,,,,,,,,,,,,,,,,,,,,,,,,,,,,,,,,,,,,,,,,,,,,,,,
20210100,광주광역시,동구,다짐불량으로 인한 자연침하,20210607,1,,제봉로 남광주시장 정류장 앞 부근(남광주사거리방면),0.00E+00,0.00E+00,1.2,2.7,1.1,,0,0,0,복구완료,굴착부분 되메우기 재시공 및 포장 복구 완료,0,20210609,10101,,,,,,,,,,,,,,,,,,,,,,,,,,,,,,,,,,,,,,,,,,,,,,,,,,,,,,,,,,,,,,,,,,,,,,,,,,,,,,,,,,,,,,,,,,,,,,,,,,,,,,,,,,,,,,,,,,,,,,,,,,,,,,,,,,,,,,,,,,,,,,,,,,,,,,,,,,,,,,,,,,,,,,,,,,,,,,,,,,,,,,,,,,,,,,,,,,,,,,,,,,,,,,,,,,,,,,,,,,,,,,,,,,,,,,,,,
20210113,전라남도,함평군,,20210111,1,함평읍,석성리 521-33번지,35.0872511,126.4473755,4,100,1.5,,0,0,0,복구완료,복구공사,0,20220824,10101,,,,,,,,,,,,,,,,,,,,,,,,,,,,,,,,,,,,,,,,,,,,,,,,,,,,,,,,,,,,,,,,,,,,,,,,,,,,,,,,,,,,,,,,,,,,,,,,,,,,,,,,,,,,,,,,,,,,,,,,,,,,,,,,,,,,,,,,,,,,,,,,,,,,,,,,,,,,,,,,,,,,,,,,,,,,,,,,,,,,,,,,,,,,,,,,,,,,,,,,,,,,,,,,,,,,,,,,,,,,,,,,,,,,,,,,,
20210114,전라남도,함평군,,20210112,1,손불면,산남리 84-11,35.1261124,126.4450963,3,70,1.5,,0,0,0,복구완료,복구공사,0,20210907,10101,,,,,,,,,,,,,,,,,,,,,,,,,,,,,,,,,,,,,,,,,,,,,,,,,,,,,,,,,,,,,,,,,,,,,,,,,,,,,,,,,,,,,,,,,,,,,,,,,,,,,,,,,,,,,,,,,,,,,,,,,,,,,,,,,,,,,,,,,,,,,,,,,,,,,,,,,,,,,,,,,,,,,,,,,,,,,,,,,,,,,,,,,,,,,,,,,,,,,,,,,,,,,,,,,,,,,,,,,,,,,,,,,,,,,,,,,
20210115,전라남도,여수시,굴착공사 부실,20210201,1,,웅천로90,34.7431184,127.6741936,3,25,0.02,,0,0,0,복구완료,복구완료,0,20210205,10101,,,,,,,,,,,,,,,,,,,,,,,,,,,,,,,,,,,,,,,,,,,,,,,,,,,,,,,,,,,,,,,,,,,,,,,,,,,,,,,,,,,,,,,,,,,,,,,,,,,,,,,,,,,,,,,,,,,,,,,,,,,,,,,,,,,,,,,,,,,,,,,,,,,,,,,,,,,,,,,,,,,,,,,,,,,,,,,,,,,,,,,,,,,,,,,,,,,,,,,,,,,,,,,,,,,,,,,,,,,,,,,,,,,,,,,,,
20210116,전라남도,여수시,굴착공사 부실,20210201,1,,웅천동 1887-4,34.739184,127.6791433,3,40,0.02,,0,0,0,복구완료,복구완료,0,20210205,10101,,,,,,,,,,,,,,,,,,,,,,,,,,,,,,,,,,,,,,,,,,,,,,,,,,,,,,,,,,,,,,,,,,,,,,,,,,,,,,,,,,,,,,,,,,,,,,,,,,,,,,,,,,,,,,,,,,,,,,,,,,,,,,,,,,,,,,,,,,,,,,,,,,,,,,,,,,,,,,,,,,,,,,,,,,,,,,,,,,,,,,,,,,,,,,,,,,,,,,,,,,,,,,,,,,,,,,,,,,,,,,,,,,,,,,,,,
20210117,전라남도,여수시,다짐불량,20210401,1,,낙포동 1372,34.8588748,127.7443483,5,10,0.6,,0,0,0,복구완료,복구완료,0,20210402,10101,,,,,,,,,,,,,,,,,,,,,,,,,,,,,,,,,,,,,,,,,,,,,,,,,,,,,,,,,,,,,,,,,,,,,,,,,,,,,,,,,,,,,,,,,,,,,,,,,,,,,,,,,,,,,,,,,,,,,,,,,,,,,,,,,,,,,,,,,,,,,,,,,,,,,,,,,,,,,,,,,,,,,,,,,,,,,,,,,,,,,,,,,,,,,,,,,,,,,,,,,,,,,,,,,,,,,,,,,,,,,,,,,,,,,,,,,
20210118,전라남도,목포시,다짐불량,20210616,1,,원산동1260-5(공원  앞 차도),34.8122308,126.3808892,1,2,1.5,,0,0,0,복구완료,되메우기및 포장,0,20210618,10101,,,,,,,,,,,,,,,,,,,,,,,,,,,,,,,,,,,,,,,,,,,,,,,,,,,,,,,,,,,,,,,,,,,,,,,,,,,,,,,,,,,,,,,,,,,,,,,,,,,,,,,,,,,,,,,,,,,,,,,,,,,,,,,,,,,,,,,,,,,,,,,,,,,,,,,,,,,,,,,,,,,,,,,,,,,,,,,,,,,,,,,,,,,,,,,,,,,,,,,,,,,,,,,,,,,,,,,,,,,,,,,,,,,,,,,,,
20210154,광주광역시,동구,인접 콘크리트암거 구조물 하부 파손에 따른 토사세굴,20210706,1,계림동,계림동 1072,0.00E+00,0.00E+00,2,5,1,,0,0,0,복구완료,콘크리트 암거 구조물 보수 및 보도부 되메우기 및 복구,0,20210730,10101,,,,,,,,,,,,,,,,,,,,,,,,,,,,,,,,,,,,,,,,,,,,,,,,,,,,,,,,,,,,,,,,,,,,,,,,,,,,,,,,,,,,,,,,,,,,,,,,,,,,,,,,,,,,,,,,,,,,,,,,,,,,,,,,,,,,,,,,,,,,,,,,,,,,,,,,,,,,,,,,,,,,,,,,,,,,,,,,,,,,,,,,,,,,,,,,,,,,,,,,,,,,,,,,,,,,,,,,,,,,,,,,,,,,,,,,,
20210177,광주광역시,서구,지하철 2호선 공사 추진중 다짐불량으로 인한 침하 추정,20210830,1,유촌동,유덕1교차로 하부,0.00E+00,0.00E+00,1,1,1.5,,0,0,0,복구완료,굴착부분 되메우기 재시공 및 포장복구 완료,0,20210831,10101,,,,,,,,,,,,,,,,,,,,,,,,,,,,,,,,,,,,,,,,,,,,,,,,,,,,,,,,,,,,,,,,,,,,,,,,,,,,,,,,,,,,,,,,,,,,,,,,,,,,,,,,,,,,,,,,,,,,,,,,,,,,,,,,,,,,,,,,,,,,,,,,,,,,,,,,,,,,,,,,,,,,,,,,,,,,,,,,,,,,,,,,,,,,,,,,,,,,,,,,,,,,,,,,,,,,,,,,,,,,,,,,,,,,,,,,,
20210178,전라남도,여수시,하수관로 누수,20210811,1,화장동,733-5,35.0765845,126.8019014,0.2,1,1,기타,0,0,0,복구완료,우수관로 정비 및 되메우기 복구 완료,3290000,20211209,10101,,,,,,,,,,,,,,,,,,,,,,,,,,,,,,,,,,,,,,,,,,,,,,,,,,,,,,,,,,,,,,,,,,,,,,,,,,,,,,,,,,,,,,,,,,,,,,,,,,,,,,,,,,,,,,,,,,,,,,,,,,,,,,,,,,,,,,,,,,,,,,,,,,,,,,,,,,,,,,,,,,,,,,,,,,,,,,,,,,,,,,,,,,,,,,,,,,,,,,,,,,,,,,,,,,,,,,,,,,,,,,,,,,,,,,,,,
20210184,광주광역시,서구,,20210830,1,,유덕1교차로 하부(상무중앙로),0.00E+00,0.00E+00,1,1,1.5,,0,0,0,복구완료,굴착부분 되메우기 재시공 및 포장 복구 완료(도시철도건설본부),0,20210831,10101,,,,,,,,,,,,,,,,,,,,,,,,,,,,,,,,,,,,,,,,,,,,,,,,,,,,,,,,,,,,,,,,,,,,,,,,,,,,,,,,,,,,,,,,,,,,,,,,,,,,,,,,,,,,,,,,,,,,,,,,,,,,,,,,,,,,,,,,,,,,,,,,,,,,,,,,,,,,,,,,,,,,,,,,,,,,,,,,,,,,,,,,,,,,,,,,,,,,,,,,,,,,,,,,,,,,,,,,,,,,,,,,,,,,,,,,,
20220010,전라남도,영광군,해안도로 파랑으로 인한 토사 세굴 구간에 중차량인 토사운반용 작업차량의 통행으로 지반 침하,20220130,1,염산면,두우리 947,35.235423,126.3020881,2,7,1.5,기타,0,1,1,복구완료,도로 통행차단 및 안전시설 설치,8900000,20220218,10101,,,,,,,,,,,,,,,,,,,,,,,,,,,,,,,,,,,,,,,,,,,,,,,,,,,,,,,,,,,,,,,,,,,,,,,,,,,,,,,,,,,,,,,,,,,,,,,,,,,,,,,,,,,,,,,,,,,,,,,,,,,,,,,,,,,,,,,,,,,,,,,,,,,,,,,,,,,,,,,,,,,,,,,,,,,,,,,,,,,,,,,,,,,,,,,,,,,,,,,,,,,,,,,,,,,,,,,,,,,,,,,,,,,,,,,,,
20220011,광주광역시,서구,하수관 노후 및 파손으로 인한 토사유실,20220303,1,농성동,454-3번지(광천1교 교차로),35.1610724,126.8876871,0.5,0.5,2,기타,0,0,1,복구완료,"하수관로 CCTV 조사 및 확인굴착 후 도로침하 원인파악, 노후 하수관 보수작업",0,20220304,10101,,,,,,,,,,,,,,,,,,,,,,,,,,,,,,,,,,,,,,,,,,,,,,,,,,,,,,,,,,,,,,,,,,,,,,,,,,,,,,,,,,,,,,,,,,,,,,,,,,,,,,,,,,,,,,,,,,,,,,,,,,,,,,,,,,,,,,,,,,,,,,,,,,,,,,,,,,,,,,,,,,,,,,,,,,,,,,,,,,,,,,,,,,,,,,,,,,,,,,,,,,,,,,,,,,,,,,,,,,,,,,,,,,,,,,,,,
20220033,전라남도,목포시,신축공사 지하 터파기 작업으로 인한 토사 유출로 지반침하 발생,20220413,1,동명동,7,38.2131064,128.5995477,1.5,15,0.8,충척층,0,0,0,복구완료,"토사유실 부분 모레로 되메우기, 임시휀스설치",11000000,20220805,10101,,,,,,,,,,,,,,,,,,,,,,,,,,,,,,,,,,,,,,,,,,,,,,,,,,,,,,,,,,,,,,,,,,,,,,,,,,,,,,,,,,,,,,,,,,,,,,,,,,,,,,,,,,,,,,,,,,,,,,,,,,,,,,,,,,,,,,,,,,,,,,,,,,,,,,,,,,,,,,,,,,,,,,,,,,,,,,,,,,,,,,,,,,,,,,,,,,,,,,,,,,,,,,,,,,,,,,,,,,,,,,,,,,,,,,,,,
20220092,광주광역시,광산구,,20220518,1,우산동,광주광역시 광산구 우산동1598-3번지 주변,0.00E+00,0.00E+00,0.5,0.5,3,,0,0,0,복구완료,관이음부 보수 및 포장복구 완료,0,20220519,10101,,,,,,,,,,,,,,,,,,,,,,,,,,,,,,,,,,,,,,,,,,,,,,,,,,,,,,,,,,,,,,,,,,,,,,,,,,,,,,,,,,,,,,,,,,,,,,,,,,,,,,,,,,,,,,,,,,,,,,,,,,,,,,,,,,,,,,,,,,,,,,,,,,,,,,,,,,,,,,,,,,,,,,,,,,,,,,,,,,,,,,,,,,,,,,,,,,,,,,,,,,,,,,,,,,,,,,,,,,,,,,,,,,,,,,,,,
20220108,광주광역시,남구,지하철 1호선 공사 구간 토사 유실 추정,20220427,1,월산동,1058-1(돌고개역 부근),35.1514052,126.8957525,1,1.5,1.5,기타,0,0,0,복구완료,"흙 다지기 및 되메우기 재시공 및 포장 복구 완료
",0,20220427,10101,,,,,,,,,,,,,,,,,,,,,,,,,,,,,,,,,,,,,,,,,,,,,,,,,,,,,,,,,,,,,,,,,,,,,,,,,,,,,,,,,,,,,,,,,,,,,,,,,,,,,,,,,,,,,,,,,,,,,,,,,,,,,,,,,,,,,,,,,,,,,,,,,,,,,,,,,,,,,,,,,,,,,,,,,,,,,,,,,,,,,,,,,,,,,,,,,,,,,,,,,,,,,,,,,,,,,,,,,,,,,,,,,,,,,,,,,
20220129,전라남도,영광군,원인불명 씽크홀 발생,20220908,1,영광읍,남천리 5-1,35.2692468,126.5117357,1,2.5,1,기타,0,0,0,복구완료,"도로 절단 후 지반 굴착하여 침하원이 파악 및 조치 후 보조기층으로 임시복구
",2000000,20220908,10101,,,,,,,,,,,,,,,,,,,,,,,,,,,,,,,,,,,,,,,,,,,,,,,,,,,,,,,,,,,,,,,,,,,,,,,,,,,,,,,,,,,,,,,,,,,,,,,,,,,,,,,,,,,,,,,,,,,,,,,,,,,,,,,,,,,,,,,,,,,,,,,,,,,,,,,,,,,,,,,,,,,,,,,,,,,,,,,,,,,,,,,,,,,,,,,,,,,,,,,,,,,,,,,,,,,,,,,,,,,,,,,,,,,,,,,,,
20220135,전라남도,여수시,"○ 지표부터 매립층(사석, 자갈, 모래, 점토 혼재), 충적층(매우 느슨한 점토질 모래, N값 1∼3), 풍화토, 풍화암으로 지층이 구성되어 있으며, 해안 인접으로 조위차에 의한 지하수 유동이 큼. 따라서 매립층 및 충적층에서 SCW(전열) 및 CIP(후열) 시공 시 흙막이 벽체 품질 불량이 우려되며, 이로 인한 벽체 강성 저하로 토압 및 수압에 대한 저항력이 약화되어 벽체가 급격히 붕괴되었을 것으로 추정

○ SCW 전열 벽체와 CIP 후열 벽체 사이(약 2m)에 2.7m 간격으로 JSP* 지반보강 공사가 진행되었으며, JSP 공법 특성상 교반 시 강한 압력으로 기시공된 SCW 등 벽체에 영향을 미쳐, 기존 흙막이 벽체의 강성 저하를 야기하여 벽체가 수압 및 토압을 견디지 못하였을 것으로 추정 
？   * JSP(Jumbo Special Pile) 공법 : 시멘트 밀크 경화제를 초고압으로 분사시켜 원지반을 교란·혼합하는 주입공법이며, 전열과 후열을 강성화하기 위해 현장에 적용됨 
○ 또한, 후열 CIP에 차수공법이 반영되지 않아 전열 SCW까지 해수가 유입되면서 벽체 전반적으로 간조와 만조에 의한 지속적인 수위변화와 수압 작용이 흙막이 벽체에 악영향을 미친 것으로 추정  ",20221102,1,웅천동,1701,34.7457585,127.6737863,2.2,10,40,충척층,0,0,0,임시복구,압성토 등 긴급복구,250000000,20221108,10101,,,,,,,,,,,,,,,,,,,,,,,,,,,,,,,,,,,,,,,,,,,,,,,,,,,,,,,,,,,,,,,,,,,,,,,,,,,,,,,,,,,,,,,,,,,,,,,,,,,,,,,,,,,,,,,,,,,,,,,,,,,,,,,,,,,,,,,,,,,,,,,,,,,,,,,,,,,,,,,,,,,,,,,,,,,,,,,,,,,,,,,,,,,,,,,,,,,,,,,,,,,,,,,,,,,,,,,,,,,,,,,,,,,,,,,,,
20220158,광주광역시,광산구,,20220804,1,비아동,비아안길69-11,0.00E+00,0.00E+00,2,4,0.8,,0,0,0,복구완료,굴착부분 되메우기 재시공 및 포장 복구 완료,0,20220810,10101,,,,,,,,,,,,,,,,,,,,,,,,,,,,,,,,,,,,,,,,,,,,,,,,,,,,,,,,,,,,,,,,,,,,,,,,,,,,,,,,,,,,,,,,,,,,,,,,,,,,,,,,,,,,,,,,,,,,,,,,,,,,,,,,,,,,,,,,,,,,,,,,,,,,,,,,,,,,,,,,,,,,,,,,,,,,,,,,,,,,,,,,,,,,,,,,,,,,,,,,,,,,,,,,,,,,,,,,,,,,,,,,,,,,,,,,,
20220159,광주광역시,광산구,,20220804,1,하남동,하남산단2번로 63,0.00E+00,0.00E+00,3,5,0.5,,0,0,0,복구완료,굴착부분 되메우기 재시공 및 포장 복구 완료,0,20220810,10101,,,,,,,,,,,,,,,,,,,,,,,,,,,,,,,,,,,,,,,,,,,,,,,,,,,,,,,,,,,,,,,,,,,,,,,,,,,,,,,,,,,,,,,,,,,,,,,,,,,,,,,,,,,,,,,,,,,,,,,,,,,,,,,,,,,,,,,,,,,,,,,,,,,,,,,,,,,,,,,,,,,,,,,,,,,,,,,,,,,,,,,,,,,,,,,,,,,,,,,,,,,,,,,,,,,,,,,,,,,,,,,,,,,,,,,,,
20220178,광주광역시,남구,하수 box 벽체 손상으로 인하여 토사가 유실되어 지반침하 발생,20221207,1,서동,Feb-63,35.1453636,126.9039932,1,1,1.2,기타,0,0,0,복구완료,손상부 보수 및 포장복구,0,20221208,10101,,,,,,,,,,,,,,,,,,,,,,,,,,,,,,,,,,,,,,,,,,,,,,,,,,,,,,,,,,,,,,,,,,,,,,,,,,,,,,,,,,,,,,,,,,,,,,,,,,,,,,,,,,,,,,,,,,,,,,,,,,,,,,,,,,,,,,,,,,,,,,,,,,,,,,,,,,,,,,,,,,,,,,,,,,,,,,,,,,,,,,,,,,,,,,,,,,,,,,,,,,,,,,,,,,,,,,,,,,,,,,,,,,,,,,,,,
20220201,전라남도,무안군,토사유실로 인한 도로 침하,20221128,1,삼향읍,지산리 720-11,34.8821836,126.4212563,0.7,5,0.5,,0,0,0,복구완료,유실토사 보충 후 응급복구,0,20221205,10101,,,,,,,,,,,,,,,,,,,,,,,,,,,,,,,,,,,,,,,,,,,,,,,,,,,,,,,,,,,,,,,,,,,,,,,,,,,,,,,,,,,,,,,,,,,,,,,,,,,,,,,,,,,,,,,,,,,,,,,,,,,,,,,,,,,,,,,,,,,,,,,,,,,,,,,,,,,,,,,,,,,,,,,,,,,,,,,,,,,,,,,,,,,,,,,,,,,,,,,,,,,,,,,,,,,,,,,,,,,,,,,,,,,,,,,,,
20230008,전라남도,무안군,조사 중,20230203,1,일로읍,오룡지구 44블럭 동북측 외부 도로,0.00E+00,0.00E+00,1,20,0.2,,0,0,0,임시복구,침하구간 아스콘 철거 후 골재포설 진행,0,20230204,10101,,,,,,,,,,,,,,,,,,,,,,,,,,,,,,,,,,,,,,,,,,,,,,,,,,,,,,,,,,,,,,,,,,,,,,,,,,,,,,,,,,,,,,,,,,,,,,,,,,,,,,,,,,,,,,,,,,,,,,,,,,,,,,,,,,,,,,,,,,,,,,,,,,,,,,,,,,,,,,,,,,,,,,,,,,,,,,,,,,,,,,,,,,,,,,,,,,,,,,,,,,,,,,,,,,,,,,,,,,,,,,,,,,,,,,,,,
20230045,광주광역시,북구,하수도 파형관 바닥 세굴로 인한 하수도 누수 발생 후 토사유출로 상수도(D350mm)관 접합부 누수 발생 ,20230628,1,풍향동,599-77,35.1646269,126.9213183,5.5,4,1.8,,0,0,0,복구완료,"상·하수도 복구 작업 완료 후 토류판 설치 및 되메우기하여 복구 완료 예정
  ※ 하수도: 파형관 접합, 상수도: 제수변 폐쇄로 단수 후 누수부위 보수
 ",0,20230630,10101,,,,,,,,,,,,,,,,,,,,,,,,,,,,,,,,,,,,,,,,,,,,,,,,,,,,,,,,,,,,,,,,,,,,,,,,,,,,,,,,,,,,,,,,,,,,,,,,,,,,,,,,,,,,,,,,,,,,,,,,,,,,,,,,,,,,,,,,,,,,,,,,,,,,,,,,,,,,,,,,,,,,,,,,,,,,,,,,,,,,,,,,,,,,,,,,,,,,,,,,,,,,,,,,,,,,,,,,,,,,,,,,,,,,,,,,,
20230046,광주광역시,동구,집중호우 및 하수박스 누수,20230627,1,서석동,421-1,35.1447468,126.926255,2,5,1.6,,0,0,0,복구완료,하수암거 복구 및 되메우기 완료,0,20230628,10101,,,,,,,,,,,,,,,,,,,,,,,,,,,,,,,,,,,,,,,,,,,,,,,,,,,,,,,,,,,,,,,,,,,,,,,,,,,,,,,,,,,,,,,,,,,,,,,,,,,,,,,,,,,,,,,,,,,,,,,,,,,,,,,,,,,,,,,,,,,,,,,,,,,,,,,,,,,,,,,,,,,,,,,,,,,,,,,,,,,,,,,,,,,,,,,,,,,,,,,,,,,,,,,,,,,,,,,,,,,,,,,,,,,,,,,,,
20230047,광주광역시,동구,집중호우 및 하수박스 누수,20230627,1,서석동,421-1,35.1447468,126.926255,6,5,1.9,,0,0,0,복구완료,되메우기 완료,0,20230628,10101,,,,,,,,,,,,,,,,,,,,,,,,,,,,,,,,,,,,,,,,,,,,,,,,,,,,,,,,,,,,,,,,,,,,,,,,,,,,,,,,,,,,,,,,,,,,,,,,,,,,,,,,,,,,,,,,,,,,,,,,,,,,,,,,,,,,,,,,,,,,,,,,,,,,,,,,,,,,,,,,,,,,,,,,,,,,,,,,,,,,,,,,,,,,,,,,,,,,,,,,,,,,,,,,,,,,,,,,,,,,,,,,,,,,,,,,,
20230071,광주광역시,동구,"노후 하수관로(1,000mm) 파손으로 인한 침하 발생",20230627,1,산수동,133-1,35.1606526,126.9327678,1.3,1.3,1.3,,0,0,0,복구완료,노후 하수관로 교체공사 실시(L=28m) 및 보도 정비 완료,40000000,20230629,10101,,,,,,,,,,,,,,,,,,,,,,,,,,,,,,,,,,,,,,,,,,,,,,,,,,,,,,,,,,,,,,,,,,,,,,,,,,,,,,,,,,,,,,,,,,,,,,,,,,,,,,,,,,,,,,,,,,,,,,,,,,,,,,,,,,,,,,,,,,,,,,,,,,,,,,,,,,,,,,,,,,,,,,,,,,,,,,,,,,,,,,,,,,,,,,,,,,,,,,,,,,,,,,,,,,,,,,,,,,,,,,,,,,,,,,,,,
20230088,광주광역시,광산구,하수관 연결부 이격으로 인한 토사유입,20230424,1,장덕동,992-8,35.1885903,126.8089646,2,2,1.5,,0,0,0,복구완료,하수관로 교체 및 포장 복구 완료,0,20230515,10101,,,,,,,,,,,,,,,,,,,,,,,,,,,,,,,,,,,,,,,,,,,,,,,,,,,,,,,,,,,,,,,,,,,,,,,,,,,,,,,,,,,,,,,,,,,,,,,,,,,,,,,,,,,,,,,,,,,,,,,,,,,,,,,,,,,,,,,,,,,,,,,,,,,,,,,,,,,,,,,,,,,,,,,,,,,,,,,,,,,,,,,,,,,,,,,,,,,,,,,,,,,,,,,,,,,,,,,,,,,,,,,,,,,,,,,,,
20230089,광주광역시,광산구,하수관 연결부 이격으로 인한 토사유입,20230518,1,오선동,548-5,35.2071646,126.8119841,2,2,1.5,,0,0,0,복구완료,하수관로 교체 및 포장 복구 완료,0,20230524,10101,,,,,,,,,,,,,,,,,,,,,,,,,,,,,,,,,,,,,,,,,,,,,,,,,,,,,,,,,,,,,,,,,,,,,,,,,,,,,,,,,,,,,,,,,,,,,,,,,,,,,,,,,,,,,,,,,,,,,,,,,,,,,,,,,,,,,,,,,,,,,,,,,,,,,,,,,,,,,,,,,,,,,,,,,,,,,,,,,,,,,,,,,,,,,,,,,,,,,,,,,,,,,,,,,,,,,,,,,,,,,,,,,,,,,,,,,
20230090,광주광역시,광산구,하수관 연결부 이격으로 인한 토사유입,20230630,1,월곡동,579-7,35.1687155,126.8165681,2,2,1.5,,0,0,0,복구완료,굴착 후 이음부분 몰탈처리 및 포장 복구 완료,0,20230703,10101,,,,,,,,,,,,,,,,,,,,,,,,,,,,,,,,,,,,,,,,,,,,,,,,,,,,,,,,,,,,,,,,,,,,,,,,,,,,,,,,,,,,,,,,,,,,,,,,,,,,,,,,,,,,,,,,,,,,,,,,,,,,,,,,,,,,,,,,,,,,,,,,,,,,,,,,,,,,,,,,,,,,,,,,,,,,,,,,,,,,,,,,,,,,,,,,,,,,,,,,,,,,,,,,,,,,,,,,,,,,,,,,,,,,,,,,,
20230094,광주광역시,북구,,20230118,1,금곡동,435-2,37.6080278,126.6321792,0.7,20,1.5,,0,0,0,복구완료,전석쌓기 시공 및 포장 복구 완료,0,20230228,10101,,,,,,,,,,,,,,,,,,,,,,,,,,,,,,,,,,,,,,,,,,,,,,,,,,,,,,,,,,,,,,,,,,,,,,,,,,,,,,,,,,,,,,,,,,,,,,,,,,,,,,,,,,,,,,,,,,,,,,,,,,,,,,,,,,,,,,,,,,,,,,,,,,,,,,,,,,,,,,,,,,,,,,,,,,,,,,,,,,,,,,,,,,,,,,,,,,,,,,,,,,,,,,,,,,,,,,,,,,,,,,,,,,,,,,,,,
20230096,광주광역시,동구,,20230505,1,학동,994,35.1397837,126.922494,0.3,0.3,1.5,,0,0,0,복구완료,굴찹복구 다짐 미흡으로 인한 장기침하,0,20230505,10101,,,,,,,,,,,,,,,,,,,,,,,,,,,,,,,,,,,,,,,,,,,,,,,,,,,,,,,,,,,,,,,,,,,,,,,,,,,,,,,,,,,,,,,,,,,,,,,,,,,,,,,,,,,,,,,,,,,,,,,,,,,,,,,,,,,,,,,,,,,,,,,,,,,,,,,,,,,,,,,,,,,,,,,,,,,,,,,,,,,,,,,,,,,,,,,,,,,,,,,,,,,,,,,,,,,,,,,,,,,,,,,,,,,,,,,,,
20230097,광주광역시,서구,,20230513,1,화정동,863,37.644863,126.8336284,0.4,0.5,1.5,,0,0,0,복구완료,굴착부분 되메우기 재시공 및 포장 복구 완료,0,20230513,10101,,,,,,,,,,,,,,,,,,,,,,,,,,,,,,,,,,,,,,,,,,,,,,,,,,,,,,,,,,,,,,,,,,,,,,,,,,,,,,,,,,,,,,,,,,,,,,,,,,,,,,,,,,,,,,,,,,,,,,,,,,,,,,,,,,,,,,,,,,,,,,,,,,,,,,,,,,,,,,,,,,,,,,,,,,,,,,,,,,,,,,,,,,,,,,,,,,,,,,,,,,,,,,,,,,,,,,,,,,,,,,,,,,,,,,,,,
20230098,광주광역시,광산구,,20230520,1,월곡동,489-20,35.1754092,126.8083451,0.5,0.4,1,,0,0,0,복구완료,굴착부분 되메우기 재시공 및 포장 복구 완료,0,20230520,10101,,,,,,,,,,,,,,,,,,,,,,,,,,,,,,,,,,,,,,,,,,,,,,,,,,,,,,,,,,,,,,,,,,,,,,,,,,,,,,,,,,,,,,,,,,,,,,,,,,,,,,,,,,,,,,,,,,,,,,,,,,,,,,,,,,,,,,,,,,,,,,,,,,,,,,,,,,,,,,,,,,,,,,,,,,,,,,,,,,,,,,,,,,,,,,,,,,,,,,,,,,,,,,,,,,,,,,,,,,,,,,,,,,,,,,,,,
20230099,광주광역시,동구,,20230613,1,학동,114-5,35.1420291,126.9205883,0.2,0.2,2,,0,0,0,복구완료,굴착부분 되메우기 재시공 및 포장 복구 완료,0,20230613,10101,,,,,,,,,,,,,,,,,,,,,,,,,,,,,,,,,,,,,,,,,,,,,,,,,,,,,,,,,,,,,,,,,,,,,,,,,,,,,,,,,,,,,,,,,,,,,,,,,,,,,,,,,,,,,,,,,,,,,,,,,,,,,,,,,,,,,,,,,,,,,,,,,,,,,,,,,,,,,,,,,,,,,,,,,,,,,,,,,,,,,,,,,,,,,,,,,,,,,,,,,,,,,,,,,,,,,,,,,,,,,,,,,,,,,,,,,
20230100,광주광역시,광산구,,20230617,1,신가동,930-11,35.1793724,126.8244864,0.3,0.3,1.5,,0,0,0,복구완료,굴착부분 되메우기 재시공 및 포장 복구 완료,0,20230617,10101,,,,,,,,,,,,,,,,,,,,,,,,,,,,,,,,,,,,,,,,,,,,,,,,,,,,,,,,,,,,,,,,,,,,,,,,,,,,,,,,,,,,,,,,,,,,,,,,,,,,,,,,,,,,,,,,,,,,,,,,,,,,,,,,,,,,,,,,,,,,,,,,,,,,,,,,,,,,,,,,,,,,,,,,,,,,,,,,,,,,,,,,,,,,,,,,,,,,,,,,,,,,,,,,,,,,,,,,,,,,,,,,,,,,,,,,,
20230101,광주광역시,북구,,20230630,1,두암동,594-1,35.1781562,126.9348167,0.3,0.3,1.5,,0,0,0,복구완료,굴착부분 되메우기 재시공 및 포장 복구 완료,0,20230701,10101,,,,,,,,,,,,,,,,,,,,,,,,,,,,,,,,,,,,,,,,,,,,,,,,,,,,,,,,,,,,,,,,,,,,,,,,,,,,,,,,,,,,,,,,,,,,,,,,,,,,,,,,,,,,,,,,,,,,,,,,,,,,,,,,,,,,,,,,,,,,,,,,,,,,,,,,,,,,,,,,,,,,,,,,,,,,,,,,,,,,,,,,,,,,,,,,,,,,,,,,,,,,,,,,,,,,,,,,,,,,,,,,,,,,,,,,,
20230106,전라남도,완도군,,20230615,1,신지면,송곡리 60-2,34.3390476,126.792398,2,6,0.5,기타,0,0,0,복구완료,긴급 포스트홀 아스콘 보강,0,20230620,10101,,,,,,,,,,,,,,,,,,,,,,,,,,,,,,,,,,,,,,,,,,,,,,,,,,,,,,,,,,,,,,,,,,,,,,,,,,,,,,,,,,,,,,,,,,,,,,,,,,,,,,,,,,,,,,,,,,,,,,,,,,,,,,,,,,,,,,,,,,,,,,,,,,,,,,,,,,,,,,,,,,,,,,,,,,,,,,,,,,,,,,,,,,,,,,,,,,,,,,,,,,,,,,,,,,,,,,,,,,,,,,,,,,,,,,,,,
20230109,광주광역시,북구,하수관로 접합부 불량으로 인한 토사 유출로 지반침하 발생,20230628,1,매곡동,468-2,35.1882142,126.8985602,0.5,0.5,1,,0,0,0,복구완료,"긴급보수공사

* 2023-07-25 긴급보수공사완료 (담당부서 : 안전총괄과 / 담당자 연락처 : 010-3337-8556)",1000000,20230628,10101,,,,,,,,,,,,,,,,,,,,,,,,,,,,,,,,,,,,,,,,,,,,,,,,,,,,,,,,,,,,,,,,,,,,,,,,,,,,,,,,,,,,,,,,,,,,,,,,,,,,,,,,,,,,,,,,,,,,,,,,,,,,,,,,,,,,,,,,,,,,,,,,,,,,,,,,,,,,,,,,,,,,,,,,,,,,,,,,,,,,,,,,,,,,,,,,,,,,,,,,,,,,,,,,,,,,,,,,,,,,,,,,,,,,,,,,,
20230110,광주광역시,서구,,20230420,1,양동,295,35.1540782,126.8982785,1,1,0.5,,0,0,1,복구완료,"하수관(흄관 D400mm, L=5m) 교체, 아스콘 포장 복구",0,20230421,10101,,,,,,,,,,,,,,,,,,,,,,,,,,,,,,,,,,,,,,,,,,,,,,,,,,,,,,,,,,,,,,,,,,,,,,,,,,,,,,,,,,,,,,,,,,,,,,,,,,,,,,,,,,,,,,,,,,,,,,,,,,,,,,,,,,,,,,,,,,,,,,,,,,,,,,,,,,,,,,,,,,,,,,,,,,,,,,,,,,,,,,,,,,,,,,,,,,,,,,,,,,,,,,,,,,,,,,,,,,,,,,,,,,,,,,,,,
20230116,광주광역시,광산구,하수관로 손상으로 인한 지반침하,20230725,1,장덕동,976-1,35.196066,126.8051018,1.5,1.5,1.3,,0,0,0,복구완료,손상된 하수관로 보수,0,20230726,10101,,,,,,,,,,,,,,,,,,,,,,,,,,,,,,,,,,,,,,,,,,,,,,,,,,,,,,,,,,,,,,,,,,,,,,,,,,,,,,,,,,,,,,,,,,,,,,,,,,,,,,,,,,,,,,,,,,,,,,,,,,,,,,,,,,,,,,,,,,,,,,,,,,,,,,,,,,,,,,,,,,,,,,,,,,,,,,,,,,,,,,,,,,,,,,,,,,,,,,,,,,,,,,,,,,,,,,,,,,,,,,,,,,,,,,,,,
20230134,전라남도,광양시,"우수맨홀 구체 일부가 탈락,  탈락 부위로 우수 및 토사가 유출",20230919,1,광영동,847번지 일원,34.9646338,127.7131689,2,2,2.2,,0,0,0,복구완료,되메우기 시행 및 보도구간 출입통제,0,20230919,10101,,,,,,,,,,,,,,,,,,,,,,,,,,,,,,,,,,,,,,,,,,,,,,,,,,,,,,,,,,,,,,,,,,,,,,,,,,,,,,,,,,,,,,,,,,,,,,,,,,,,,,,,,,,,,,,,,,,,,,,,,,,,,,,,,,,,,,,,,,,,,,,,,,,,,,,,,,,,,,,,,,,,,,,,,,,,,,,,,,,,,,,,,,,,,,,,,,,,,,,,,,,,,,,,,,,,,,,,,,,,,,,,,,,,,,,,,
20230137,광주광역시,남구,,20230302,1,봉선동,봉선동164-14,0.00E+00,0.00E+00,1,1,1,,0,0,0,복구완료,"우수맨홀 주변 굴착 후 다짐, 우수맨홀 상판 슬래브시공 후 철괴 교체
",0,20230303,10101,,,,,,,,,,,,,,,,,,,,,,,,,,,,,,,,,,,,,,,,,,,,,,,,,,,,,,,,,,,,,,,,,,,,,,,,,,,,,,,,,,,,,,,,,,,,,,,,,,,,,,,,,,,,,,,,,,,,,,,,,,,,,,,,,,,,,,,,,,,,,,,,,,,,,,,,,,,,,,,,,,,,,,,,,,,,,,,,,,,,,,,,,,,,,,,,,,,,,,,,,,,,,,,,,,,,,,,,,,,,,,,,,,,,,,,,,
20230138,광주광역시,서구,,20230314,1,화정동,화정동1035,0.00E+00,0.00E+00,1,2,1.5,,0,0,0,복구완료,"우수맨홀 주변에 아파트에서 나오는 구관300mm 접합불량으로 동공발생 
",0,20230328,10101,,,,,,,,,,,,,,,,,,,,,,,,,,,,,,,,,,,,,,,,,,,,,,,,,,,,,,,,,,,,,,,,,,,,,,,,,,,,,,,,,,,,,,,,,,,,,,,,,,,,,,,,,,,,,,,,,,,,,,,,,,,,,,,,,,,,,,,,,,,,,,,,,,,,,,,,,,,,,,,,,,,,,,,,,,,,,,,,,,,,,,,,,,,,,,,,,,,,,,,,,,,,,,,,,,,,,,,,,,,,,,,,,,,,,,,,,
20230139,광주광역시,남구,,20230504,1,진월동,진월동291-1 (서문대로701),0.00E+00,0.00E+00,1.5,2,1.5,,0,1,1,복구완료,"굴착 후 우수그레이팅 연결관200mm 복구 후 다짐
",0,20230504,10101,,,,,,,,,,,,,,,,,,,,,,,,,,,,,,,,,,,,,,,,,,,,,,,,,,,,,,,,,,,,,,,,,,,,,,,,,,,,,,,,,,,,,,,,,,,,,,,,,,,,,,,,,,,,,,,,,,,,,,,,,,,,,,,,,,,,,,,,,,,,,,,,,,,,,,,,,,,,,,,,,,,,,,,,,,,,,,,,,,,,,,,,,,,,,,,,,,,,,,,,,,,,,,,,,,,,,,,,,,,,,,,,,,,,,,,,,
20230143,광주광역시,동구,지표면 아래 하수관(흄관) 파손,20230821,1,산수동,562-1,35.1577188,126.9344698,1,3,2.2,,0,0,0,복구완료,흄관 보수 및 되메우기+ 아스콘재포장,0,20230822,10101,,,,,,,,,,,,,,,,,,,,,,,,,,,,,,,,,,,,,,,,,,,,,,,,,,,,,,,,,,,,,,,,,,,,,,,,,,,,,,,,,,,,,,,,,,,,,,,,,,,,,,,,,,,,,,,,,,,,,,,,,,,,,,,,,,,,,,,,,,,,,,,,,,,,,,,,,,,,,,,,,,,,,,,,,,,,,,,,,,,,,,,,,,,,,,,,,,,,,,,,,,,,,,,,,,,,,,,,,,,,,,,,,,,,,,,,,
20230148,광주광역시,북구,,20230721,1,운암동,496-5,35.1729439,126.889044,0.3,0.3,1.5,,0,0,0,복구완료,굴착부분 되메우기 재시공 및 포장복구 완료,0,20230721,10101,,,,,,,,,,,,,,,,,,,,,,,,,,,,,,,,,,,,,,,,,,,,,,,,,,,,,,,,,,,,,,,,,,,,,,,,,,,,,,,,,,,,,,,,,,,,,,,,,,,,,,,,,,,,,,,,,,,,,,,,,,,,,,,,,,,,,,,,,,,,,,,,,,,,,,,,,,,,,,,,,,,,,,,,,,,,,,,,,,,,,,,,,,,,,,,,,,,,,,,,,,,,,,,,,,,,,,,,,,,,,,,,,,,,,,,,,
20230149,광주광역시,광산구,,20230725,1,산정동,999,35.1710482,126.8032903,1,1,1.5,,0,0,0,복구완료,굴착부분 되메우기 재시공 및 포장 복구 완료,0,20230725,10101,,,,,,,,,,,,,,,,,,,,,,,,,,,,,,,,,,,,,,,,,,,,,,,,,,,,,,,,,,,,,,,,,,,,,,,,,,,,,,,,,,,,,,,,,,,,,,,,,,,,,,,,,,,,,,,,,,,,,,,,,,,,,,,,,,,,,,,,,,,,,,,,,,,,,,,,,,,,,,,,,,,,,,,,,,,,,,,,,,,,,,,,,,,,,,,,,,,,,,,,,,,,,,,,,,,,,,,,,,,,,,,,,,,,,,,,,
20230150,광주광역시,광산구,,20230725,1,장덕동,972-7,35.1970541,126.8059225,2.5,2.5,2,,0,0,0,복구완료,굴착부분 되메우기 재시공 및 포장 복구 완료,0,20230725,10101,,,,,,,,,,,,,,,,,,,,,,,,,,,,,,,,,,,,,,,,,,,,,,,,,,,,,,,,,,,,,,,,,,,,,,,,,,,,,,,,,,,,,,,,,,,,,,,,,,,,,,,,,,,,,,,,,,,,,,,,,,,,,,,,,,,,,,,,,,,,,,,,,,,,,,,,,,,,,,,,,,,,,,,,,,,,,,,,,,,,,,,,,,,,,,,,,,,,,,,,,,,,,,,,,,,,,,,,,,,,,,,,,,,,,,,,,
20230151,광주광역시,북구,,20230815,1,우산동,584,35.1818184,126.9191966,0.3,0.3,1,,0,0,0,복구완료,굴착부분 되메우기 재시공 및 포장 복구 완료,0,20230815,10101,,,,,,,,,,,,,,,,,,,,,,,,,,,,,,,,,,,,,,,,,,,,,,,,,,,,,,,,,,,,,,,,,,,,,,,,,,,,,,,,,,,,,,,,,,,,,,,,,,,,,,,,,,,,,,,,,,,,,,,,,,,,,,,,,,,,,,,,,,,,,,,,,,,,,,,,,,,,,,,,,,,,,,,,,,,,,,,,,,,,,,,,,,,,,,,,,,,,,,,,,,,,,,,,,,,,,,,,,,,,,,,,,,,,,,,,,
20230152,광주광역시,동구,지표면 아래 하수관(흄관) 파손,20231012,1,동명동,동명동 118-3,0.00E+00,0.00E+00,1.3,1.3,1,,0,0,0,복구완료,흄관 보수 및 되메우기+아스콘재포장,0,20231013,10101,,,,,,,,,,,,,,,,,,,,,,,,,,,,,,,,,,,,,,,,,,,,,,,,,,,,,,,,,,,,,,,,,,,,,,,,,,,,,,,,,,,,,,,,,,,,,,,,,,,,,,,,,,,,,,,,,,,,,,,,,,,,,,,,,,,,,,,,,,,,,,,,,,,,,,,,,,,,,,,,,,,,,,,,,,,,,,,,,,,,,,,,,,,,,,,,,,,,,,,,,,,,,,,,,,,,,,,,,,,,,,,,,,,,,,,,,
20230155,전라남도,순천시,집중호우로 인한 우수관 들뜸,20230712,1,연향동,안산길 22 앞,0.00E+00,0.00E+00,3,10,0.3,,0,0,0,복구완료,도로포장,0,20230715,10101,,,,,,,,,,,,,,,,,,,,,,,,,,,,,,,,,,,,,,,,,,,,,,,,,,,,,,,,,,,,,,,,,,,,,,,,,,,,,,,,,,,,,,,,,,,,,,,,,,,,,,,,,,,,,,,,,,,,,,,,,,,,,,,,,,,,,,,,,,,,,,,,,,,,,,,,,,,,,,,,,,,,,,,,,,,,,,,,,,,,,,,,,,,,,,,,,,,,,,,,,,,,,,,,,,,,,,,,,,,,,,,,,,,,,,,,,
20230169,광주광역시,서구,"하수관로 노후화로 인한 도로침하 발생 
",20230718,1,금호동,195-10,35.1269167,126.8536861,0.7,0.7,2,기타,0,0,0,복구완료,"함몰부분 골재 되메우기 및 관로 모르타르 바름으로 복구
",1520000,20240717,10101,,,,,,,,,,,,,,,,,,,,,,,,,,,,,,,,,,,,,,,,,,,,,,,,,,,,,,,,,,,,,,,,,,,,,,,,,,,,,,,,,,,,,,,,,,,,,,,,,,,,,,,,,,,,,,,,,,,,,,,,,,,,,,,,,,,,,,,,,,,,,,,,,,,,,,,,,,,,,,,,,,,,,,,,,,,,,,,,,,,,,,,,,,,,,,,,,,,,,,,,,,,,,,,,,,,,,,,,,,,,,,,,,,,,,,,,,
20230170,광주광역시,남구,우수 D800mm가 우수박수접합점에서 누수발생 씽크홀,20230821,1,봉선동,1027-1,35.1297839,126.9110865,2,2.5,2,,0,0,0,복구완료,우수맨홀 주변 굴착후 우수박스 접합부 복구 후 다짐 포장,0,20230825,10101,,,,,,,,,,,,,,,,,,,,,,,,,,,,,,,,,,,,,,,,,,,,,,,,,,,,,,,,,,,,,,,,,,,,,,,,,,,,,,,,,,,,,,,,,,,,,,,,,,,,,,,,,,,,,,,,,,,,,,,,,,,,,,,,,,,,,,,,,,,,,,,,,,,,,,,,,,,,,,,,,,,,,,,,,,,,,,,,,,,,,,,,,,,,,,,,,,,,,,,,,,,,,,,,,,,,,,,,,,,,,,,,,,,,,,,,,
20240015,전라남도,광양시,노후관로로 인해 부분 누수 발생,20240417,1,중동,1351-5일원,34.9444685,127.6947368,2,2,1.5,,0,0,0,복구완료,"토사 되메우기, 다짐실시, 도로 포장 등 ",0,20240418,10101,,,,,,,,,,,,,,,,,,,,,,,,,,,,,,,,,,,,,,,,,,,,,,,,,,,,,,,,,,,,,,,,,,,,,,,,,,,,,,,,,,,,,,,,,,,,,,,,,,,,,,,,,,,,,,,,,,,,,,,,,,,,,,,,,,,,,,,,,,,,,,,,,,,,,,,,,,,,,,,,,,,,,,,,,,,,,,,,,,,,,,,,,,,,,,,,,,,,,,,,,,,,,,,,,,,,,,,,,,,,,,,,,,,,,,,,,
20240022,전라남도,화순군,상수관 파손으로 인한 토사 유출로 지반침하 발생,20240514,1,화순읍,일심리 877,35.0613257,126.9956067,1,1,1,기타,0,0,0,복구완료,"상수관 보수 및 유실구간 모래채움, 다짐공사 실시",5000000,20240515,10101,,,,,,,,,,,,,,,,,,,,,,,,,,,,,,,,,,,,,,,,,,,,,,,,,,,,,,,,,,,,,,,,,,,,,,,,,,,,,,,,,,,,,,,,,,,,,,,,,,,,,,,,,,,,,,,,,,,,,,,,,,,,,,,,,,,,,,,,,,,,,,,,,,,,,,,,,,,,,,,,,,,,,,,,,,,,,,,,,,,,,,,,,,,,,,,,,,,,,,,,,,,,,,,,,,,,,,,,,,,,,,,,,,,,,,,,,
20240031,광주광역시,서구,"관접합부위 파손으로 인한 도로침하 발생
",20240208,1,화정동,899,37.6390144,126.8349066,1.5,1.5,1.5,기타,0,0,0,복구완료,"관접합부 보수 및 모르타르 바름으로 복구
",0,20240208,10101,,,,,,,,,,,,,,,,,,,,,,,,,,,,,,,,,,,,,,,,,,,,,,,,,,,,,,,,,,,,,,,,,,,,,,,,,,,,,,,,,,,,,,,,,,,,,,,,,,,,,,,,,,,,,,,,,,,,,,,,,,,,,,,,,,,,,,,,,,,,,,,,,,,,,,,,,,,,,,,,,,,,,,,,,,,,,,,,,,,,,,,,,,,,,,,,,,,,,,,,,,,,,,,,,,,,,,,,,,,,,,,,,,,,,,,,,
20240032,광주광역시,서구,"관로유실로 인한 도로침하 발생
",20240627,1,벽진동,22,35.1370281,126.8376338,3,5,1,기타,0,0,0,복구완료,"관로 보수 완료 
",0,20240627,10101,,,,,,,,,,,,,,,,,,,,,,,,,,,,,,,,,,,,,,,,,,,,,,,,,,,,,,,,,,,,,,,,,,,,,,,,,,,,,,,,,,,,,,,,,,,,,,,,,,,,,,,,,,,,,,,,,,,,,,,,,,,,,,,,,,,,,,,,,,,,,,,,,,,,,,,,,,,,,,,,,,,,,,,,,,,,,,,,,,,,,,,,,,,,,,,,,,,,,,,,,,,,,,,,,,,,,,,,,,,,,,,,,,,,,,,,,
20240046,광주광역시,북구,지중선로 굴착공사 미흡,20240412,1,양산동,401-33,35.1979805,126.8807312,1,1,1.4,,0,0,0,복구완료,굴착부분 되메우기 재시공 및 포장복구,0,20240414,10101,,,,,,,,,,,,,,,,,,,,,,,,,,,,,,,,,,,,,,,,,,,,,,,,,,,,,,,,,,,,,,,,,,,,,,,,,,,,,,,,,,,,,,,,,,,,,,,,,,,,,,,,,,,,,,,,,,,,,,,,,,,,,,,,,,,,,,,,,,,,,,,,,,,,,,,,,,,,,,,,,,,,,,,,,,,,,,,,,,,,,,,,,,,,,,,,,,,,,,,,,,,,,,,,,,,,,,,,,,,,,,,,,,,,,,,,,
20240073,전라남도,완도군,우수관로 노후,20240426,1,완도읍,가용리 1088-5 인근,34.3358365,126.7368711,0.3,0.5,1.2,기타,0,0,0,복구완료,싱크홀 복구사업 공사 시행,20000000,20240427,10101,,,,,,,,,,,,,,,,,,,,,,,,,,,,,,,,,,,,,,,,,,,,,,,,,,,,,,,,,,,,,,,,,,,,,,,,,,,,,,,,,,,,,,,,,,,,,,,,,,,,,,,,,,,,,,,,,,,,,,,,,,,,,,,,,,,,,,,,,,,,,,,,,,,,,,,,,,,,,,,,,,,,,,,,,,,,,,,,,,,,,,,,,,,,,,,,,,,,,,,,,,,,,,,,,,,,,,,,,,,,,,,,,,,,,,,,,
20240104,광주광역시,광산구,노후하수관로 파손으로 인한 지반침하,20241015,1,오선동,548-5 (하남산단7번로 153),35.2071646,126.8119841,2,2,2.5,,0,0,0,복구완료,하남산단7번로 지반침하 긴급복구공사 완료( 노후하수관로 교체 및 포장),0,20241218,10101,,,,,,,,,,,,,,,,,,,,,,,,,,,,,,,,,,,,,,,,,,,,,,,,,,,,,,,,,,,,,,,,,,,,,,,,,,,,,,,,,,,,,,,,,,,,,,,,,,,,,,,,,,,,,,,,,,,,,,,,,,,,,,,,,,,,,,,,,,,,,,,,,,,,,,,,,,,,,,,,,,,,,,,,,,,,,,,,,,,,,,,,,,,,,,,,,,,,,,,,,,,,,,,,,,,,,,,,,,,,,,,,,,,,,,,,,
20240111,광주광역시,북구,파형강관(Φ700mm) 부식으로 인한 토사유실,20241007,1,신안동,210-5,36.8194215,127.1712448,1,1,0.5,기타,0,0,0,복구완료,하수관로 교체 및 항구복구 완료,0,20241009,10101,,,,,,,,,,,,,,,,,,,,,,,,,,,,,,,,,,,,,,,,,,,,,,,,,,,,,,,,,,,,,,,,,,,,,,,,,,,,,,,,,,,,,,,,,,,,,,,,,,,,,,,,,,,,,,,,,,,,,,,,,,,,,,,,,,,,,,,,,,,,,,,,,,,,,,,,,,,,,,,,,,,,,,,,,,,,,,,,,,,,,,,,,,,,,,,,,,,,,,,,,,,,,,,,,,,,,,,,,,,,,,,,,,,,,,,,,
20240112,광주광역시,남구,광주도시철도2호선 공사 인접구간 토사유실로 인한 도로 동공,20240720,1,주월동,960-13,35.1341721,126.8981136,3,3,5,충척층,0,0,0,복구완료,되메우기 재시공 및 포장 복구 완료,0,20240721,10101,,,,,,,,,,,,,,,,,,,,,,,,,,,,,,,,,,,,,,,,,,,,,,,,,,,,,,,,,,,,,,,,,,,,,,,,,,,,,,,,,,,,,,,,,,,,,,,,,,,,,,,,,,,,,,,,,,,,,,,,,,,,,,,,,,,,,,,,,,,,,,,,,,,,,,,,,,,,,,,,,,,,,,,,,,,,,,,,,,,,,,,,,,,,,,,,,,,,,,,,,,,,,,,,,,,,,,,,,,,,,,,,,,,,,,,,,
20240114,전라남도,순천시,배수로 측면 파손으로 인한 건물 하부 토사 유출로 세굴 발생,20241020,1,남정동,남정3길 8,0.00E+00,0.00E+00,1.5,1.5,1,,0,0,0,복구완료,콘크리트 타설로 공동 복구 완료,9488000,20241216,10101,,,,,,,,,,,,,,,,,,,,,,,,,,,,,,,,,,,,,,,,,,,,,,,,,,,,,,,,,,,,,,,,,,,,,,,,,,,,,,,,,,,,,,,,,,,,,,,,,,,,,,,,,,,,,,,,,,,,,,,,,,,,,,,,,,,,,,,,,,,,,,,,,,,,,,,,,,,,,,,,,,,,,,,,,,,,,,,,,,,,,,,,,,,,,,,,,,,,,,,,,,,,,,,,,,,,,,,,,,,,,,,,,,,,,,,,,
20250034,광주광역시,동구,확인중,20250415,1,지산동,724-2,36.1274726,128.3542081,0.5,1,1,,0,0,0,복구완료,토사 되메우기 및 아스콘 포장,0,20250415,10101,,,,,,,,,,,,,,,,,,,,,,,,,,,,,,,,,,,,,,,,,,,,,,,,,,,,,,,,,,,,,,,,,,,,,,,,,,,,,,,,,,,,,,,,,,,,,,,,,,,,,,,,,,,,,,,,,,,,,,,,,,,,,,,,,,,,,,,,,,,,,,,,,,,,,,,,,,,,,,,,,,,,,,,,,,,,,,,,,,,,,,,,,,,,,,,,,,,,,,,,,,,,,,,,,,,,,,,,,,,,,,,,,,,,,,,,,
20250099,광주광역시,동구,확인중,20250717,1,지산동,산63-1,35.1474453,126.9488054,3,3,2.5,,0,0,0,복구완료,맨홀 설치 후 관로 연결 및 되메우기,0,20250719,10101,,,,,,,,,,,,,,,,,,,,,,,,,,,,,,,,,,,,,,,,,,,,,,,,,,,,,,,,,,,,,,,,,,,,,,,,,,,,,,,,,,,,,,,,,,,,,,,,,,,,,,,,,,,,,,,,,,,,,,,,,,,,,,,,,,,,,,,,,,,,,,,,,,,,,,,,,,,,,,,,,,,,,,,,,,,,,,,,,,,,,,,,,,,,,,,,,,,,,,,,,,,,,,,,,,,,,,,,,,,,,,,,,,,,,,,,,
20250122,전라남도,목포시,확인중,20250614,1,상동,761-1,34.8125642,126.4146511,0.5,0.5,3,,0,0,0,임시복구,"굴착 후 보조기층 포설 및 아스콘 포장 등 임시포장 완료
",5200000,20250614,10101,,,,,,,,,,,,,,,,,,,,,,,,,,,,,,,,,,,,,,,,,,,,,,,,,,,,,,,,,,,,,,,,,,,,,,,,,,,,,,,,,,,,,,,,,,,,,,,,,,,,,,,,,,,,,,,,,,,,,,,,,,,,,,,,,,,,,,,,,,,,,,,,,,,,,,,,,,,,,,,,,,,,,,,,,,,,,,,,,,,,,,,,,,,,,,,,,,,,,,,,,,,,,,,,,,,,,,,,,,,,,,,,,,,,,,,,,
